"Year","scenario","Species","variable","Age","value"
"1974","2022 Key run","Herring","M2","0",0.412518343218463
"1975","2022 Key run","Herring","M2","0",0.345059766359116
"1976","2022 Key run","Herring","M2","0",0.337244063146461
"1977","2022 Key run","Herring","M2","0",0.476931707899414
"1978","2022 Key run","Herring","M2","0",0.676842431102981
"1979","2022 Key run","Herring","M2","0",0.762098040012322
"1980","2022 Key run","Herring","M2","0",0.655891681549591
"1981","2022 Key run","Herring","M2","0",0.665623232313709
"1982","2022 Key run","Herring","M2","0",0.616479523039709
"1983","2022 Key run","Herring","M2","0",0.550904472227686
"1984","2022 Key run","Herring","M2","0",0.448578363289556
"1985","2022 Key run","Herring","M2","0",0.39721494565272
"1986","2022 Key run","Herring","M2","0",0.364904869366138
"1987","2022 Key run","Herring","M2","0",0.398097106388976
"1988","2022 Key run","Herring","M2","0",0.344241467248719
"1989","2022 Key run","Herring","M2","0",0.252612722005276
"1990","2022 Key run","Herring","M2","0",0.144807431559261
"1991","2022 Key run","Herring","M2","0",0.108697967383306
"1992","2022 Key run","Herring","M2","0",0.140296691293985
"1993","2022 Key run","Herring","M2","0",0.190165379063814
"1994","2022 Key run","Herring","M2","0",0.161137764737498
"1995","2022 Key run","Herring","M2","0",0.135255586003464
"1996","2022 Key run","Herring","M2","0",0.111305689695371
"1997","2022 Key run","Herring","M2","0",0.0963774549410399
"1998","2022 Key run","Herring","M2","0",0.120905763140623
"1999","2022 Key run","Herring","M2","0",0.14514252884768
"2000","2022 Key run","Herring","M2","0",0.150657428939508
"2001","2022 Key run","Herring","M2","0",0.16022140268002
"2002","2022 Key run","Herring","M2","0",0.147847931404835
"2003","2022 Key run","Herring","M2","0",0.114732515548332
"2004","2022 Key run","Herring","M2","0",0.142164822973566
"2005","2022 Key run","Herring","M2","0",0.185834122918137
"2006","2022 Key run","Herring","M2","0",0.187896636048666
"2007","2022 Key run","Herring","M2","0",0.201103952983169
"2008","2022 Key run","Herring","M2","0",0.205623684981983
"2009","2022 Key run","Herring","M2","0",0.235709929447617
"2010","2022 Key run","Herring","M2","0",0.255290364176443
"2011","2022 Key run","Herring","M2","0",0.234464475357739
"2012","2022 Key run","Herring","M2","0",0.215004017347868
"2013","2022 Key run","Herring","M2","0",0.230900960877992
"2014","2022 Key run","Herring","M2","0",0.17600831365598
"2015","2022 Key run","Herring","M2","0",0.159517780609268
"2016","2022 Key run","Herring","M2","0",0.136872801564833
"2017","2022 Key run","Herring","M2","0",0.11811574294711
"2018","2022 Key run","Herring","M2","0",0.115528265877183
"2019","2022 Key run","Herring","M2","0",0.0970280784474577
"2020","2022 Key run","Herring","M2","0",0.0928194480920441
"2021","2022 Key run","Herring","M2","0",0.0791374184226147
"1974","2025 key run","Herring","M2","0",0.404302974533977
"1975","2025 key run","Herring","M2","0",0.338619533882125
"1976","2025 key run","Herring","M2","0",0.329555055961038
"1977","2025 key run","Herring","M2","0",0.466491125079575
"1978","2025 key run","Herring","M2","0",0.665013615810152
"1979","2025 key run","Herring","M2","0",0.74697617366074
"1980","2025 key run","Herring","M2","0",0.640693403067985
"1981","2025 key run","Herring","M2","0",0.651107658912952
"1982","2025 key run","Herring","M2","0",0.605498957120399
"1983","2025 key run","Herring","M2","0",0.54316658581586
"1984","2025 key run","Herring","M2","0",0.442464680375082
"1985","2025 key run","Herring","M2","0",0.389834315801247
"1986","2025 key run","Herring","M2","0",0.359296406766526
"1987","2025 key run","Herring","M2","0",0.392788106542847
"1988","2025 key run","Herring","M2","0",0.341998041590315
"1989","2025 key run","Herring","M2","0",0.252487363036213
"1990","2025 key run","Herring","M2","0",0.144670945271798
"1991","2025 key run","Herring","M2","0",0.108106268999866
"1992","2025 key run","Herring","M2","0",0.139008960416381
"1993","2025 key run","Herring","M2","0",0.18734132142512
"1994","2025 key run","Herring","M2","0",0.157990829768189
"1995","2025 key run","Herring","M2","0",0.131161966967169
"1996","2025 key run","Herring","M2","0",0.107453603371394
"1997","2025 key run","Herring","M2","0",0.0932785694282945
"1998","2025 key run","Herring","M2","0",0.117046173052697
"1999","2025 key run","Herring","M2","0",0.141389814396028
"2000","2025 key run","Herring","M2","0",0.147809838272605
"2001","2025 key run","Herring","M2","0",0.156991963520199
"2002","2025 key run","Herring","M2","0",0.144193529658201
"2003","2025 key run","Herring","M2","0",0.11100992195673
"2004","2025 key run","Herring","M2","0",0.136102072974796
"2005","2025 key run","Herring","M2","0",0.17836922497579
"2006","2025 key run","Herring","M2","0",0.181147110815433
"2007","2025 key run","Herring","M2","0",0.194746266177339
"2008","2025 key run","Herring","M2","0",0.200501546985598
"2009","2025 key run","Herring","M2","0",0.230646248099529
"2010","2025 key run","Herring","M2","0",0.249512460084011
"2011","2025 key run","Herring","M2","0",0.229076573915398
"2012","2025 key run","Herring","M2","0",0.209600244535546
"2013","2025 key run","Herring","M2","0",0.225344528024725
"2014","2025 key run","Herring","M2","0",0.172786677767858
"2015","2025 key run","Herring","M2","0",0.154136428278503
"2016","2025 key run","Herring","M2","0",0.130121323612326
"2017","2025 key run","Herring","M2","0",0.111096187856636
"2018","2025 key run","Herring","M2","0",0.104822406211624
"2019","2025 key run","Herring","M2","0",0.0888710090954031
"2020","2025 key run","Herring","M2","0",0.0871284664246251
"2021","2025 key run","Herring","M2","0",0.104704467365633
"2022","2025 key run","Herring","M2","0",0.118520970440647
"2023","2025 key run","Herring","M2","0",0.123480354438055
"2024","2025 key run","Herring","M2","0",0.0886572126474364
"1974","2022 Key run","Sprat","M2","0",0.318320665768169
"1975","2022 Key run","Sprat","M2","0",0.232608961914793
"1976","2022 Key run","Sprat","M2","0",0.237130595522285
"1977","2022 Key run","Sprat","M2","0",0.384374677843971
"1978","2022 Key run","Sprat","M2","0",0.495929302463359
"1979","2022 Key run","Sprat","M2","0",0.492878072019417
"1980","2022 Key run","Sprat","M2","0",0.417130389298796
"1981","2022 Key run","Sprat","M2","0",0.436571186419293
"1982","2022 Key run","Sprat","M2","0",0.374507874605803
"1983","2022 Key run","Sprat","M2","0",0.313910276257516
"1984","2022 Key run","Sprat","M2","0",0.249828717329032
"1985","2022 Key run","Sprat","M2","0",0.227819938542445
"1986","2022 Key run","Sprat","M2","0",0.227478194779987
"1987","2022 Key run","Sprat","M2","0",0.244152911486706
"1988","2022 Key run","Sprat","M2","0",0.197207506992809
"1989","2022 Key run","Sprat","M2","0",0.142715024356679
"1990","2022 Key run","Sprat","M2","0",0.080020432519765
"1991","2022 Key run","Sprat","M2","0",0.0664292528865631
"1992","2022 Key run","Sprat","M2","0",0.0868129930132829
"1993","2022 Key run","Sprat","M2","0",0.106047801161507
"1994","2022 Key run","Sprat","M2","0",0.0849279030277377
"1995","2022 Key run","Sprat","M2","0",0.0696790477446204
"1996","2022 Key run","Sprat","M2","0",0.0582048221343427
"1997","2022 Key run","Sprat","M2","0",0.0529683263238682
"1998","2022 Key run","Sprat","M2","0",0.0677343053641155
"1999","2022 Key run","Sprat","M2","0",0.0798073548911948
"2000","2022 Key run","Sprat","M2","0",0.0745068391326421
"2001","2022 Key run","Sprat","M2","0",0.0786072259374857
"2002","2022 Key run","Sprat","M2","0",0.0698367288273701
"2003","2022 Key run","Sprat","M2","0",0.0536225466572747
"2004","2022 Key run","Sprat","M2","0",0.0688072192002983
"2005","2022 Key run","Sprat","M2","0",0.0881521968524494
"2006","2022 Key run","Sprat","M2","0",0.0893705159616697
"2007","2022 Key run","Sprat","M2","0",0.0964561946678299
"2008","2022 Key run","Sprat","M2","0",0.0976248722788938
"2009","2022 Key run","Sprat","M2","0",0.112299155527691
"2010","2022 Key run","Sprat","M2","0",0.121052998727879
"2011","2022 Key run","Sprat","M2","0",0.112146824932938
"2012","2022 Key run","Sprat","M2","0",0.106562454241384
"2013","2022 Key run","Sprat","M2","0",0.11613335096059
"2014","2022 Key run","Sprat","M2","0",0.0868901140533008
"2015","2022 Key run","Sprat","M2","0",0.0777700295995137
"2016","2022 Key run","Sprat","M2","0",0.066086629000037
"2017","2022 Key run","Sprat","M2","0",0.0584226078038686
"2018","2022 Key run","Sprat","M2","0",0.0583383211339276
"2019","2022 Key run","Sprat","M2","0",0.0475732162404587
"2020","2022 Key run","Sprat","M2","0",0.0460041791502083
"2021","2022 Key run","Sprat","M2","0",0.0382473654726267
"1974","2025 key run","Sprat","M2","0",0.313920056830923
"1975","2025 key run","Sprat","M2","0",0.229557007454078
"1976","2025 key run","Sprat","M2","0",0.234749600882347
"1977","2025 key run","Sprat","M2","0",0.381663398036892
"1978","2025 key run","Sprat","M2","0",0.494351227290512
"1979","2025 key run","Sprat","M2","0",0.48934170445404
"1980","2025 key run","Sprat","M2","0",0.413140073066027
"1981","2025 key run","Sprat","M2","0",0.434277160146086
"1982","2025 key run","Sprat","M2","0",0.373206609492984
"1983","2025 key run","Sprat","M2","0",0.313447668461168
"1984","2025 key run","Sprat","M2","0",0.249554776767897
"1985","2025 key run","Sprat","M2","0",0.227879801705726
"1986","2025 key run","Sprat","M2","0",0.227981213916176
"1987","2025 key run","Sprat","M2","0",0.244739805468943
"1988","2025 key run","Sprat","M2","0",0.198335630740629
"1989","2025 key run","Sprat","M2","0",0.144132058218811
"1990","2025 key run","Sprat","M2","0",0.0807359913910478
"1991","2025 key run","Sprat","M2","0",0.0667953186965818
"1992","2025 key run","Sprat","M2","0",0.0870658121652628
"1993","2025 key run","Sprat","M2","0",0.105890533526319
"1994","2025 key run","Sprat","M2","0",0.0844493232389279
"1995","2025 key run","Sprat","M2","0",0.0686376355890469
"1996","2025 key run","Sprat","M2","0",0.0564457526903457
"1997","2025 key run","Sprat","M2","0",0.0522956602338128
"1998","2025 key run","Sprat","M2","0",0.0669150973705187
"1999","2025 key run","Sprat","M2","0",0.0792881064080133
"2000","2025 key run","Sprat","M2","0",0.0736669279457929
"2001","2025 key run","Sprat","M2","0",0.0778442755159551
"2002","2025 key run","Sprat","M2","0",0.0689773200052808
"2003","2025 key run","Sprat","M2","0",0.0527314106155326
"2004","2025 key run","Sprat","M2","0",0.0673975613053084
"2005","2025 key run","Sprat","M2","0",0.0864455761709022
"2006","2025 key run","Sprat","M2","0",0.0880086134454765
"2007","2025 key run","Sprat","M2","0",0.0952332334908783
"2008","2025 key run","Sprat","M2","0",0.096638702728702
"2009","2025 key run","Sprat","M2","0",0.111251565116376
"2010","2025 key run","Sprat","M2","0",0.119605738568005
"2011","2025 key run","Sprat","M2","0",0.110776485229596
"2012","2025 key run","Sprat","M2","0",0.105260772896239
"2013","2025 key run","Sprat","M2","0",0.11498268685243
"2014","2025 key run","Sprat","M2","0",0.0865249628949712
"2015","2025 key run","Sprat","M2","0",0.0763189894475596
"2016","2025 key run","Sprat","M2","0",0.063951974295544
"2017","2025 key run","Sprat","M2","0",0.0561686612645758
"2018","2025 key run","Sprat","M2","0",0.0538748199927653
"2019","2025 key run","Sprat","M2","0",0.0451237909204363
"2020","2025 key run","Sprat","M2","0",0.0452084545746156
"2021","2025 key run","Sprat","M2","0",0.0550549781358409
"2022","2025 key run","Sprat","M2","0",0.0612784431913378
"2023","2025 key run","Sprat","M2","0",0.0640968048946962
"2024","2025 key run","Sprat","M2","0",0.0463762802339497
"1974","2022 Key run","Herring","M2","1",0.34695907742653
"1975","2022 Key run","Herring","M2","1",0.394071545499149
"1976","2022 Key run","Herring","M2","1",0.325389292257509
"1977","2022 Key run","Herring","M2","1",0.373642699568443
"1978","2022 Key run","Herring","M2","1",0.601392550327936
"1979","2022 Key run","Herring","M2","1",0.784660323301416
"1980","2022 Key run","Herring","M2","1",0.801483184562829
"1981","2022 Key run","Herring","M2","1",0.714796490487888
"1982","2022 Key run","Herring","M2","1",0.732734384955722
"1983","2022 Key run","Herring","M2","1",0.64219516191222
"1984","2022 Key run","Herring","M2","1",0.535932434580813
"1985","2022 Key run","Herring","M2","1",0.443985699822946
"1986","2022 Key run","Herring","M2","1",0.398598914230038
"1987","2022 Key run","Herring","M2","1",0.405681466525505
"1988","2022 Key run","Herring","M2","1",0.415597436660692
"1989","2022 Key run","Herring","M2","1",0.330042155228939
"1990","2022 Key run","Herring","M2","1",0.189631445103313
"1991","2022 Key run","Herring","M2","1",0.130075187022547
"1992","2022 Key run","Herring","M2","1",0.137964471527271
"1993","2022 Key run","Herring","M2","1",0.19846875170414
"1994","2022 Key run","Herring","M2","1",0.207922819657475
"1995","2022 Key run","Herring","M2","1",0.17124336062859
"1996","2022 Key run","Herring","M2","1",0.136989922401952
"1997","2022 Key run","Herring","M2","1",0.113897234137466
"1998","2022 Key run","Herring","M2","1",0.11934078734283
"1999","2022 Key run","Herring","M2","1",0.147575837243997
"2000","2022 Key run","Herring","M2","1",0.231202562734269
"2001","2022 Key run","Herring","M2","1",0.251970723527389
"2002","2022 Key run","Herring","M2","1",0.266419731142197
"2003","2022 Key run","Herring","M2","1",0.219826574657298
"2004","2022 Key run","Herring","M2","1",0.189643120502966
"2005","2022 Key run","Herring","M2","1",0.248396941390691
"2006","2022 Key run","Herring","M2","1",0.283661479234546
"2007","2022 Key run","Herring","M2","1",0.291848568099476
"2008","2022 Key run","Herring","M2","1",0.316386115913922
"2009","2022 Key run","Herring","M2","1",0.33045839707577
"2010","2022 Key run","Herring","M2","1",0.377050985297178
"2011","2022 Key run","Herring","M2","1",0.387409950750901
"2012","2022 Key run","Herring","M2","1",0.33504650281926
"2013","2022 Key run","Herring","M2","1",0.314981044272791
"2014","2022 Key run","Herring","M2","1",0.32078785721546
"2015","2022 Key run","Herring","M2","1",0.244286761137278
"2016","2022 Key run","Herring","M2","1",0.223067420603519
"2017","2022 Key run","Herring","M2","1",0.190252530230401
"2018","2022 Key run","Herring","M2","1",0.170870004294755
"2019","2022 Key run","Herring","M2","1",0.167170689929775
"2020","2022 Key run","Herring","M2","1",0.150531314854101
"2021","2022 Key run","Herring","M2","1",0.143681583572067
"1974","2025 key run","Herring","M2","1",0.342148323058617
"1975","2025 key run","Herring","M2","1",0.389327723325814
"1976","2025 key run","Herring","M2","1",0.322146029235491
"1977","2025 key run","Herring","M2","1",0.369314565740283
"1978","2025 key run","Herring","M2","1",0.594843362216774
"1979","2025 key run","Herring","M2","1",0.777818403706806
"1980","2025 key run","Herring","M2","1",0.792206802510742
"1981","2025 key run","Herring","M2","1",0.705625264227523
"1982","2025 key run","Herring","M2","1",0.725190702428385
"1983","2025 key run","Herring","M2","1",0.640760248603604
"1984","2025 key run","Herring","M2","1",0.536851719568478
"1985","2025 key run","Herring","M2","1",0.444966907410879
"1986","2025 key run","Herring","M2","1",0.398674165492479
"1987","2025 key run","Herring","M2","1",0.40429601180552
"1988","2025 key run","Herring","M2","1",0.415062404610453
"1989","2025 key run","Herring","M2","1",0.331749442639988
"1990","2025 key run","Herring","M2","1",0.19145705402259
"1991","2025 key run","Herring","M2","1",0.130843375951864
"1992","2025 key run","Herring","M2","1",0.138133079190405
"1993","2025 key run","Herring","M2","1",0.19837203859401
"1994","2025 key run","Herring","M2","1",0.207041029191788
"1995","2025 key run","Herring","M2","1",0.169790579383473
"1996","2025 key run","Herring","M2","1",0.135017478929176
"1997","2025 key run","Herring","M2","1",0.111994924733396
"1998","2025 key run","Herring","M2","1",0.117332457752962
"1999","2025 key run","Herring","M2","1",0.145909956831517
"2000","2025 key run","Herring","M2","1",0.23076546228152
"2001","2025 key run","Herring","M2","1",0.251695096972145
"2002","2025 key run","Herring","M2","1",0.265132934361309
"2003","2025 key run","Herring","M2","1",0.216325176827541
"2004","2025 key run","Herring","M2","1",0.18308629669999
"2005","2025 key run","Herring","M2","1",0.238548835815131
"2006","2025 key run","Herring","M2","1",0.273325590003486
"2007","2025 key run","Herring","M2","1",0.283568764394205
"2008","2025 key run","Herring","M2","1",0.309336872339927
"2009","2025 key run","Herring","M2","1",0.325775145028571
"2010","2025 key run","Herring","M2","1",0.37256036070503
"2011","2025 key run","Herring","M2","1",0.382303319978032
"2012","2025 key run","Herring","M2","1",0.328810568747715
"2013","2025 key run","Herring","M2","1",0.306687795246274
"2014","2025 key run","Herring","M2","1",0.311250980679863
"2015","2025 key run","Herring","M2","1",0.235502420191434
"2016","2025 key run","Herring","M2","1",0.210328360683658
"2017","2025 key run","Herring","M2","1",0.17335122920463
"2018","2025 key run","Herring","M2","1",0.150829215640626
"2019","2025 key run","Herring","M2","1",0.141814031996589
"2020","2025 key run","Herring","M2","1",0.126385957944775
"2021","2025 key run","Herring","M2","1",0.130532527160731
"2022","2025 key run","Herring","M2","1",0.161027859426857
"2023","2025 key run","Herring","M2","1",0.183224780126945
"2024","2025 key run","Herring","M2","1",0.179236084970088
"1974","2022 Key run","Sprat","M2","1",0.5654761270886
"1975","2022 Key run","Sprat","M2","1",0.576861692892973
"1976","2022 Key run","Sprat","M2","1",0.430864681591392
"1977","2022 Key run","Sprat","M2","1",0.626922656793691
"1978","2022 Key run","Sprat","M2","1",0.974729451809885
"1979","2022 Key run","Sprat","M2","1",1.08776408674616
"1980","2022 Key run","Sprat","M2","1",1.08555828558725
"1981","2022 Key run","Sprat","M2","1",0.945825286731628
"1982","2022 Key run","Sprat","M2","1",0.941718075866929
"1983","2022 Key run","Sprat","M2","1",0.67710302451745
"1984","2022 Key run","Sprat","M2","1",0.530101531424159
"1985","2022 Key run","Sprat","M2","1",0.441816487182756
"1986","2022 Key run","Sprat","M2","1",0.459519937465171
"1987","2022 Key run","Sprat","M2","1",0.463844198648317
"1988","2022 Key run","Sprat","M2","1",0.434097081853371
"1989","2022 Key run","Sprat","M2","1",0.32130465639965
"1990","2022 Key run","Sprat","M2","1",0.173723582380293
"1991","2022 Key run","Sprat","M2","1",0.132030231487727
"1992","2022 Key run","Sprat","M2","1",0.147913326515659
"1993","2022 Key run","Sprat","M2","1",0.182046995975345
"1994","2022 Key run","Sprat","M2","1",0.181377412826299
"1995","2022 Key run","Sprat","M2","1",0.135860625020224
"1996","2022 Key run","Sprat","M2","1",0.106613298469814
"1997","2022 Key run","Sprat","M2","1",0.100404395645823
"1998","2022 Key run","Sprat","M2","1",0.109257793762847
"1999","2022 Key run","Sprat","M2","1",0.139349965388439
"2000","2022 Key run","Sprat","M2","1",0.179610335958678
"2001","2022 Key run","Sprat","M2","1",0.195648354148848
"2002","2022 Key run","Sprat","M2","1",0.21076435536355
"2003","2022 Key run","Sprat","M2","1",0.171744815523664
"2004","2022 Key run","Sprat","M2","1",0.147327818604733
"2005","2022 Key run","Sprat","M2","1",0.203320622081927
"2006","2022 Key run","Sprat","M2","1",0.235485727074108
"2007","2022 Key run","Sprat","M2","1",0.246153003179677
"2008","2022 Key run","Sprat","M2","1",0.273075170539233
"2009","2022 Key run","Sprat","M2","1",0.27171127664561
"2010","2022 Key run","Sprat","M2","1",0.31185307887829
"2011","2022 Key run","Sprat","M2","1",0.324746638938793
"2012","2022 Key run","Sprat","M2","1",0.295957099872372
"2013","2022 Key run","Sprat","M2","1",0.295989764106064
"2014","2022 Key run","Sprat","M2","1",0.302158215009793
"2015","2022 Key run","Sprat","M2","1",0.206271544418004
"2016","2022 Key run","Sprat","M2","1",0.18188686422579
"2017","2022 Key run","Sprat","M2","1",0.159822369829606
"2018","2022 Key run","Sprat","M2","1",0.146437323155954
"2019","2022 Key run","Sprat","M2","1",0.140946698598503
"2020","2022 Key run","Sprat","M2","1",0.124310577825977
"2021","2022 Key run","Sprat","M2","1",0.113687712989997
"1974","2025 key run","Sprat","M2","1",0.559958674798933
"1975","2025 key run","Sprat","M2","1",0.571357499364894
"1976","2025 key run","Sprat","M2","1",0.42688967969638
"1977","2025 key run","Sprat","M2","1",0.621402140258877
"1978","2025 key run","Sprat","M2","1",0.970012308877184
"1979","2025 key run","Sprat","M2","1",1.08422424888908
"1980","2025 key run","Sprat","M2","1",1.07751396760281
"1981","2025 key run","Sprat","M2","1",0.939313062004264
"1982","2025 key run","Sprat","M2","1",0.937475095398903
"1983","2025 key run","Sprat","M2","1",0.677982382026787
"1984","2025 key run","Sprat","M2","1",0.532224071914996
"1985","2025 key run","Sprat","M2","1",0.444435401994775
"1986","2025 key run","Sprat","M2","1",0.462222223295895
"1987","2025 key run","Sprat","M2","1",0.467632024843018
"1988","2025 key run","Sprat","M2","1",0.43825486874512
"1989","2025 key run","Sprat","M2","1",0.325800860679024
"1990","2025 key run","Sprat","M2","1",0.176758291130371
"1991","2025 key run","Sprat","M2","1",0.133612071398925
"1992","2025 key run","Sprat","M2","1",0.149454314267906
"1993","2025 key run","Sprat","M2","1",0.183574876281176
"1994","2025 key run","Sprat","M2","1",0.181632566641149
"1995","2025 key run","Sprat","M2","1",0.135559888810188
"1996","2025 key run","Sprat","M2","1",0.105756290977954
"1997","2025 key run","Sprat","M2","1",0.0994256987369859
"1998","2025 key run","Sprat","M2","1",0.10866546563918
"1999","2025 key run","Sprat","M2","1",0.13869458037005
"2000","2025 key run","Sprat","M2","1",0.178410027730078
"2001","2025 key run","Sprat","M2","1",0.193951390100511
"2002","2025 key run","Sprat","M2","1",0.208338434785075
"2003","2025 key run","Sprat","M2","1",0.168040220275191
"2004","2025 key run","Sprat","M2","1",0.142758179373606
"2005","2025 key run","Sprat","M2","1",0.196391739368267
"2006","2025 key run","Sprat","M2","1",0.227240916575782
"2007","2025 key run","Sprat","M2","1",0.239272132037998
"2008","2025 key run","Sprat","M2","1",0.266055018109575
"2009","2025 key run","Sprat","M2","1",0.266576178501299
"2010","2025 key run","Sprat","M2","1",0.305957651379607
"2011","2025 key run","Sprat","M2","1",0.317594153996872
"2012","2025 key run","Sprat","M2","1",0.288462379737717
"2013","2025 key run","Sprat","M2","1",0.288148080214047
"2014","2025 key run","Sprat","M2","1",0.294620768444719
"2015","2025 key run","Sprat","M2","1",0.200650228147381
"2016","2025 key run","Sprat","M2","1",0.174007631420828
"2017","2025 key run","Sprat","M2","1",0.149010801590507
"2018","2025 key run","Sprat","M2","1",0.133487697845172
"2019","2025 key run","Sprat","M2","1",0.125069258731283
"2020","2025 key run","Sprat","M2","1",0.112292661087381
"2021","2025 key run","Sprat","M2","1",0.117958537351934
"2022","2025 key run","Sprat","M2","1",0.14454824374625
"2023","2025 key run","Sprat","M2","1",0.164857450645853
"2024","2025 key run","Sprat","M2","1",0.168496208736426
"1974","2022 Key run","Herring","M2","2",0.211238432384811
"1975","2022 Key run","Herring","M2","2",0.244260953510187
"1976","2022 Key run","Herring","M2","2",0.208337485832869
"1977","2022 Key run","Herring","M2","2",0.227908202394163
"1978","2022 Key run","Herring","M2","2",0.289550582144159
"1979","2022 Key run","Herring","M2","2",0.316836337387101
"1980","2022 Key run","Herring","M2","2",0.425056738781825
"1981","2022 Key run","Herring","M2","2",0.409400397496782
"1982","2022 Key run","Herring","M2","2",0.388825266132682
"1983","2022 Key run","Herring","M2","2",0.440901608035399
"1984","2022 Key run","Herring","M2","2",0.383835712242273
"1985","2022 Key run","Herring","M2","2",0.333630844171541
"1986","2022 Key run","Herring","M2","2",0.277806383995019
"1987","2022 Key run","Herring","M2","2",0.211733343323223
"1988","2022 Key run","Herring","M2","2",0.271963744337477
"1989","2022 Key run","Herring","M2","2",0.188203662112288
"1990","2022 Key run","Herring","M2","2",0.107253020049839
"1991","2022 Key run","Herring","M2","2",0.0901271040131707
"1992","2022 Key run","Herring","M2","2",0.0919559178882206
"1993","2022 Key run","Herring","M2","2",0.143619392152795
"1994","2022 Key run","Herring","M2","2",0.151617005938725
"1995","2022 Key run","Herring","M2","2",0.128907907835257
"1996","2022 Key run","Herring","M2","2",0.112592120518254
"1997","2022 Key run","Herring","M2","2",0.096912829922109
"1998","2022 Key run","Herring","M2","2",0.0882587779009473
"1999","2022 Key run","Herring","M2","2",0.106447214218115
"2000","2022 Key run","Herring","M2","2",0.136075451647859
"2001","2022 Key run","Herring","M2","2",0.150733979880671
"2002","2022 Key run","Herring","M2","2",0.169098789681443
"2003","2022 Key run","Herring","M2","2",0.110157844037235
"2004","2022 Key run","Herring","M2","2",0.160897695108469
"2005","2022 Key run","Herring","M2","2",0.192371936340276
"2006","2022 Key run","Herring","M2","2",0.152117499845805
"2007","2022 Key run","Herring","M2","2",0.172251461361851
"2008","2022 Key run","Herring","M2","2",0.173836225605078
"2009","2022 Key run","Herring","M2","2",0.200796545086087
"2010","2022 Key run","Herring","M2","2",0.242546677075762
"2011","2022 Key run","Herring","M2","2",0.211096883505815
"2012","2022 Key run","Herring","M2","2",0.138575784611745
"2013","2022 Key run","Herring","M2","2",0.158114166734151
"2014","2022 Key run","Herring","M2","2",0.165841193897848
"2015","2022 Key run","Herring","M2","2",0.12370060567428
"2016","2022 Key run","Herring","M2","2",0.181511617699097
"2017","2022 Key run","Herring","M2","2",0.116769277198266
"2018","2022 Key run","Herring","M2","2",0.0951863276990493
"2019","2022 Key run","Herring","M2","2",0.0830028695722883
"2020","2022 Key run","Herring","M2","2",0.0798876993607615
"2021","2022 Key run","Herring","M2","2",0.0775746705096238
"1974","2025 key run","Herring","M2","2",0.209724412326241
"1975","2025 key run","Herring","M2","2",0.243047349522847
"1976","2025 key run","Herring","M2","2",0.207847210166751
"1977","2025 key run","Herring","M2","2",0.226959532011742
"1978","2025 key run","Herring","M2","2",0.28838634013638
"1979","2025 key run","Herring","M2","2",0.316276415424073
"1980","2025 key run","Herring","M2","2",0.42320034888704
"1981","2025 key run","Herring","M2","2",0.406598190976113
"1982","2025 key run","Herring","M2","2",0.386934360610876
"1983","2025 key run","Herring","M2","2",0.44193335187379
"1984","2025 key run","Herring","M2","2",0.386277939930083
"1985","2025 key run","Herring","M2","2",0.335701568004845
"1986","2025 key run","Herring","M2","2",0.279228577232949
"1987","2025 key run","Herring","M2","2",0.212440359857495
"1988","2025 key run","Herring","M2","2",0.273508307881937
"1989","2025 key run","Herring","M2","2",0.191376798446559
"1990","2025 key run","Herring","M2","2",0.109743001319092
"1991","2025 key run","Herring","M2","2",0.0914776965085215
"1992","2025 key run","Herring","M2","2",0.0927191665973144
"1993","2025 key run","Herring","M2","2",0.144525025470192
"1994","2025 key run","Herring","M2","2",0.152349313384685
"1995","2025 key run","Herring","M2","2",0.129133811738528
"1996","2025 key run","Herring","M2","2",0.111755959616648
"1997","2025 key run","Herring","M2","2",0.0958185887244752
"1998","2025 key run","Herring","M2","2",0.0870250499813065
"1999","2025 key run","Herring","M2","2",0.10489432071261
"2000","2025 key run","Herring","M2","2",0.135634006168263
"2001","2025 key run","Herring","M2","2",0.150599790436006
"2002","2025 key run","Herring","M2","2",0.169002789652784
"2003","2025 key run","Herring","M2","2",0.109815371435561
"2004","2025 key run","Herring","M2","2",0.157849082321665
"2005","2025 key run","Herring","M2","2",0.188128467607275
"2006","2025 key run","Herring","M2","2",0.149215655823711
"2007","2025 key run","Herring","M2","2",0.16929230526903
"2008","2025 key run","Herring","M2","2",0.170805110679792
"2009","2025 key run","Herring","M2","2",0.198231650911427
"2010","2025 key run","Herring","M2","2",0.239884284962949
"2011","2025 key run","Herring","M2","2",0.20898500704643
"2012","2025 key run","Herring","M2","2",0.137207575538106
"2013","2025 key run","Herring","M2","2",0.15559053911721
"2014","2025 key run","Herring","M2","2",0.16352854290667
"2015","2025 key run","Herring","M2","2",0.122273734189357
"2016","2025 key run","Herring","M2","2",0.176762315947362
"2017","2025 key run","Herring","M2","2",0.112165960472433
"2018","2025 key run","Herring","M2","2",0.0902979483249381
"2019","2025 key run","Herring","M2","2",0.0766642176057648
"2020","2025 key run","Herring","M2","2",0.0730854587711338
"2021","2025 key run","Herring","M2","2",0.0779948055793133
"2022","2025 key run","Herring","M2","2",0.0974467831808069
"2023","2025 key run","Herring","M2","2",0.108044403233701
"2024","2025 key run","Herring","M2","2",0.0753737732463891
"1974","2022 Key run","Sprat","M2","2",0.338479528359178
"1975","2022 Key run","Sprat","M2","2",0.365719624716782
"1976","2022 Key run","Sprat","M2","2",0.283015040546859
"1977","2022 Key run","Sprat","M2","2",0.366854150615665
"1978","2022 Key run","Sprat","M2","2",0.583418238556832
"1979","2022 Key run","Sprat","M2","2",0.635251595409333
"1980","2022 Key run","Sprat","M2","2",0.69024306227494
"1981","2022 Key run","Sprat","M2","2",0.516011019948386
"1982","2022 Key run","Sprat","M2","2",0.573115572535936
"1983","2022 Key run","Sprat","M2","2",0.479055354344023
"1984","2022 Key run","Sprat","M2","2",0.397470836194626
"1985","2022 Key run","Sprat","M2","2",0.318741951385666
"1986","2022 Key run","Sprat","M2","2",0.288375808270471
"1987","2022 Key run","Sprat","M2","2",0.28442357484017
"1988","2022 Key run","Sprat","M2","2",0.278097470990916
"1989","2022 Key run","Sprat","M2","2",0.206135120105508
"1990","2022 Key run","Sprat","M2","2",0.10845971252812
"1991","2022 Key run","Sprat","M2","2",0.0708428720995894
"1992","2022 Key run","Sprat","M2","2",0.079737977781185
"1993","2022 Key run","Sprat","M2","2",0.136642807958443
"1994","2022 Key run","Sprat","M2","2",0.133667565675602
"1995","2022 Key run","Sprat","M2","2",0.100406828714328
"1996","2022 Key run","Sprat","M2","2",0.0920239908886834
"1997","2022 Key run","Sprat","M2","2",0.0792531481956665
"1998","2022 Key run","Sprat","M2","2",0.083687161683636
"1999","2022 Key run","Sprat","M2","2",0.10293414370055
"2000","2022 Key run","Sprat","M2","2",0.116571481044645
"2001","2022 Key run","Sprat","M2","2",0.133714030837945
"2002","2022 Key run","Sprat","M2","2",0.142655710469144
"2003","2022 Key run","Sprat","M2","2",0.11597729103344
"2004","2022 Key run","Sprat","M2","2",0.114111904542504
"2005","2022 Key run","Sprat","M2","2",0.161941255909086
"2006","2022 Key run","Sprat","M2","2",0.176061588680867
"2007","2022 Key run","Sprat","M2","2",0.181009113125372
"2008","2022 Key run","Sprat","M2","2",0.182063033976637
"2009","2022 Key run","Sprat","M2","2",0.182483583055714
"2010","2022 Key run","Sprat","M2","2",0.230333720116917
"2011","2022 Key run","Sprat","M2","2",0.219014422151676
"2012","2022 Key run","Sprat","M2","2",0.182977630681873
"2013","2022 Key run","Sprat","M2","2",0.172583710994736
"2014","2022 Key run","Sprat","M2","2",0.181128475910784
"2015","2022 Key run","Sprat","M2","2",0.127914444422332
"2016","2022 Key run","Sprat","M2","2",0.137530216454078
"2017","2022 Key run","Sprat","M2","2",0.11072179770339
"2018","2022 Key run","Sprat","M2","2",0.0968273631350898
"2019","2022 Key run","Sprat","M2","2",0.0977897220915469
"2020","2022 Key run","Sprat","M2","2",0.0779456019912469
"2021","2022 Key run","Sprat","M2","2",0.07732803340266
"1974","2025 key run","Sprat","M2","2",0.339863589198899
"1975","2025 key run","Sprat","M2","2",0.366868572095571
"1976","2025 key run","Sprat","M2","2",0.283920090918688
"1977","2025 key run","Sprat","M2","2",0.367264397514557
"1978","2025 key run","Sprat","M2","2",0.585694001111653
"1979","2025 key run","Sprat","M2","2",0.640056598340305
"1980","2025 key run","Sprat","M2","2",0.692245480881216
"1981","2025 key run","Sprat","M2","2",0.518899646008744
"1982","2025 key run","Sprat","M2","2",0.575733060952601
"1983","2025 key run","Sprat","M2","2",0.4842485907823
"1984","2025 key run","Sprat","M2","2",0.402439512478527
"1985","2025 key run","Sprat","M2","2",0.323198367907569
"1986","2025 key run","Sprat","M2","2",0.292496278298092
"1987","2025 key run","Sprat","M2","2",0.288579575174175
"1988","2025 key run","Sprat","M2","2",0.283087335487077
"1989","2025 key run","Sprat","M2","2",0.21134541781823
"1990","2025 key run","Sprat","M2","2",0.11199259661932
"1991","2025 key run","Sprat","M2","2",0.072837154457862
"1992","2025 key run","Sprat","M2","2",0.0813900741798515
"1993","2025 key run","Sprat","M2","2",0.138902373194103
"1994","2025 key run","Sprat","M2","2",0.135677855282296
"1995","2025 key run","Sprat","M2","2",0.101815808781223
"1996","2025 key run","Sprat","M2","2",0.0921951013994705
"1997","2025 key run","Sprat","M2","2",0.0792332393409422
"1998","2025 key run","Sprat","M2","2",0.0835855855785863
"1999","2025 key run","Sprat","M2","2",0.102772556878741
"2000","2025 key run","Sprat","M2","2",0.1167872515025
"2001","2025 key run","Sprat","M2","2",0.134064867452393
"2002","2025 key run","Sprat","M2","2",0.143059504985351
"2003","2025 key run","Sprat","M2","2",0.115553876651286
"2004","2025 key run","Sprat","M2","2",0.112402719407463
"2005","2025 key run","Sprat","M2","2",0.158691894606069
"2006","2025 key run","Sprat","M2","2",0.17237975611163
"2007","2025 key run","Sprat","M2","2",0.177883500039932
"2008","2025 key run","Sprat","M2","2",0.179253209648876
"2009","2025 key run","Sprat","M2","2",0.18095811971126
"2010","2025 key run","Sprat","M2","2",0.228060149317591
"2011","2025 key run","Sprat","M2","2",0.216854878374468
"2012","2025 key run","Sprat","M2","2",0.180765784420193
"2013","2025 key run","Sprat","M2","2",0.170542273093921
"2014","2025 key run","Sprat","M2","2",0.179525827313085
"2015","2025 key run","Sprat","M2","2",0.127009231034769
"2016","2025 key run","Sprat","M2","2",0.134504118384909
"2017","2025 key run","Sprat","M2","2",0.106529034340206
"2018","2025 key run","Sprat","M2","2",0.0918639341623596
"2019","2025 key run","Sprat","M2","2",0.0904120454669965
"2020","2025 key run","Sprat","M2","2",0.0726966425074825
"2021","2025 key run","Sprat","M2","2",0.0819313671256268
"2022","2025 key run","Sprat","M2","2",0.101169281424261
"2023","2025 key run","Sprat","M2","2",0.104486623471449
"2024","2025 key run","Sprat","M2","2",0.103894144969349
"1974","2022 Key run","Herring","M2","3",0.150472886941693
"1975","2022 Key run","Herring","M2","3",0.176395778762965
"1976","2022 Key run","Herring","M2","3",0.156991398086632
"1977","2022 Key run","Herring","M2","3",0.171036324270741
"1978","2022 Key run","Herring","M2","3",0.240339441016671
"1979","2022 Key run","Herring","M2","3",0.251997211071081
"1980","2022 Key run","Herring","M2","3",0.32003910637644
"1981","2022 Key run","Herring","M2","3",0.296265754608079
"1982","2022 Key run","Herring","M2","3",0.297302108159883
"1983","2022 Key run","Herring","M2","3",0.277452699555547
"1984","2022 Key run","Herring","M2","3",0.274221375319002
"1985","2022 Key run","Herring","M2","3",0.225620016690506
"1986","2022 Key run","Herring","M2","3",0.234437907768016
"1987","2022 Key run","Herring","M2","3",0.167107441934229
"1988","2022 Key run","Herring","M2","3",0.166218411314398
"1989","2022 Key run","Herring","M2","3",0.189400552657282
"1990","2022 Key run","Herring","M2","3",0.0862729919483894
"1991","2022 Key run","Herring","M2","3",0.0643150668789915
"1992","2022 Key run","Herring","M2","3",0.0693131558766288
"1993","2022 Key run","Herring","M2","3",0.10476282738438
"1994","2022 Key run","Herring","M2","3",0.120885447232715
"1995","2022 Key run","Herring","M2","3",0.11128251891281
"1996","2022 Key run","Herring","M2","3",0.0906608716944229
"1997","2022 Key run","Herring","M2","3",0.0781843513415907
"1998","2022 Key run","Herring","M2","3",0.074063231997819
"1999","2022 Key run","Herring","M2","3",0.0829255550436196
"2000","2022 Key run","Herring","M2","3",0.121778665868563
"2001","2022 Key run","Herring","M2","3",0.116098203547197
"2002","2022 Key run","Herring","M2","3",0.131708423305105
"2003","2022 Key run","Herring","M2","3",0.0907183736490249
"2004","2022 Key run","Herring","M2","3",0.0983245018720401
"2005","2022 Key run","Herring","M2","3",0.159813553445963
"2006","2022 Key run","Herring","M2","3",0.149744016282009
"2007","2022 Key run","Herring","M2","3",0.143449360054679
"2008","2022 Key run","Herring","M2","3",0.149504207972158
"2009","2022 Key run","Herring","M2","3",0.149498036321993
"2010","2022 Key run","Herring","M2","3",0.178136151017654
"2011","2022 Key run","Herring","M2","3",0.185641158565992
"2012","2022 Key run","Herring","M2","3",0.145277816029811
"2013","2022 Key run","Herring","M2","3",0.0960763385926078
"2014","2022 Key run","Herring","M2","3",0.111098400078231
"2015","2022 Key run","Herring","M2","3",0.0950607444039071
"2016","2022 Key run","Herring","M2","3",0.0937039376845467
"2017","2022 Key run","Herring","M2","3",0.0993963564066396
"2018","2022 Key run","Herring","M2","3",0.0619313056686822
"2019","2022 Key run","Herring","M2","3",0.0688244599028485
"2020","2022 Key run","Herring","M2","3",0.0590395990748566
"2021","2022 Key run","Herring","M2","3",0.0655862373782384
"1974","2025 key run","Herring","M2","3",0.149571959412913
"1975","2025 key run","Herring","M2","3",0.175888739834618
"1976","2025 key run","Herring","M2","3",0.156919573987345
"1977","2025 key run","Herring","M2","3",0.170732850933858
"1978","2025 key run","Herring","M2","3",0.239797546206172
"1979","2025 key run","Herring","M2","3",0.251786489073315
"1980","2025 key run","Herring","M2","3",0.319429570740262
"1981","2025 key run","Herring","M2","3",0.295461075936955
"1982","2025 key run","Herring","M2","3",0.296866561836159
"1983","2025 key run","Herring","M2","3",0.279752328808163
"1984","2025 key run","Herring","M2","3",0.277332627458903
"1985","2025 key run","Herring","M2","3",0.228539946514118
"1986","2025 key run","Herring","M2","3",0.236275982289571
"1987","2025 key run","Herring","M2","3",0.16817810893812
"1988","2025 key run","Herring","M2","3",0.168039778400265
"1989","2025 key run","Herring","M2","3",0.192632139631396
"1990","2025 key run","Herring","M2","3",0.088584704126346
"1991","2025 key run","Herring","M2","3",0.0656745831130855
"1992","2025 key run","Herring","M2","3",0.0701686248293236
"1993","2025 key run","Herring","M2","3",0.105840409645962
"1994","2025 key run","Herring","M2","3",0.121918260763184
"1995","2025 key run","Herring","M2","3",0.111880102313436
"1996","2025 key run","Herring","M2","3",0.0905309215858734
"1997","2025 key run","Herring","M2","3",0.0777383681254048
"1998","2025 key run","Herring","M2","3",0.0733025893766621
"1999","2025 key run","Herring","M2","3",0.08200417676936
"2000","2025 key run","Herring","M2","3",0.121573850678124
"2001","2025 key run","Herring","M2","3",0.116316490110562
"2002","2025 key run","Herring","M2","3",0.132074967753222
"2003","2025 key run","Herring","M2","3",0.0906305854091336
"2004","2025 key run","Herring","M2","3",0.0972915725384019
"2005","2025 key run","Herring","M2","3",0.156820653339776
"2006","2025 key run","Herring","M2","3",0.146898746326557
"2007","2025 key run","Herring","M2","3",0.14118263724651
"2008","2025 key run","Herring","M2","3",0.1470636304597
"2009","2025 key run","Herring","M2","3",0.147853505981824
"2010","2025 key run","Herring","M2","3",0.176738221072387
"2011","2025 key run","Herring","M2","3",0.184134950061368
"2012","2025 key run","Herring","M2","3",0.143826151166227
"2013","2025 key run","Herring","M2","3",0.0948645230841829
"2014","2025 key run","Herring","M2","3",0.109630541983387
"2015","2025 key run","Herring","M2","3",0.0939560948908119
"2016","2025 key run","Herring","M2","3",0.091655786542915
"2017","2025 key run","Herring","M2","3",0.0956668084077135
"2018","2025 key run","Herring","M2","3",0.0590063014715737
"2019","2025 key run","Herring","M2","3",0.0636810868150438
"2020","2025 key run","Herring","M2","3",0.0538791814742965
"2021","2025 key run","Herring","M2","3",0.0648254727440481
"2022","2025 key run","Herring","M2","3",0.0813740214690244
"2023","2025 key run","Herring","M2","3",0.0779489932040546
"2024","2025 key run","Herring","M2","3",0.0677842467320686
"1974","2022 Key run","Sprat","M2","3",0.272109842892157
"1975","2022 Key run","Sprat","M2","3",0.301987111692155
"1976","2022 Key run","Sprat","M2","3",0.234521059980808
"1977","2022 Key run","Sprat","M2","3",0.278548411023089
"1978","2022 Key run","Sprat","M2","3",0.515397252418821
"1979","2022 Key run","Sprat","M2","3",0.56447261406583
"1980","2022 Key run","Sprat","M2","3",0.558031845618625
"1981","2022 Key run","Sprat","M2","3",0.474536829408107
"1982","2022 Key run","Sprat","M2","3",0.4857955763128
"1983","2022 Key run","Sprat","M2","3",0.409499180610873
"1984","2022 Key run","Sprat","M2","3",0.323549524954932
"1985","2022 Key run","Sprat","M2","3",0.283541066077458
"1986","2022 Key run","Sprat","M2","3",0.261817170716187
"1987","2022 Key run","Sprat","M2","3",0.237582289899843
"1988","2022 Key run","Sprat","M2","3",0.262417286440544
"1989","2022 Key run","Sprat","M2","3",0.17584957413552
"1990","2022 Key run","Sprat","M2","3",0.103823227723445
"1991","2022 Key run","Sprat","M2","3",0.0669240137938127
"1992","2022 Key run","Sprat","M2","3",0.0665870104077562
"1993","2022 Key run","Sprat","M2","3",0.119795354439941
"1994","2022 Key run","Sprat","M2","3",0.115896263966148
"1995","2022 Key run","Sprat","M2","3",0.0979138719442891
"1996","2022 Key run","Sprat","M2","3",0.0774731706729831
"1997","2022 Key run","Sprat","M2","3",0.0733258083026925
"1998","2022 Key run","Sprat","M2","3",0.0772215465718035
"1999","2022 Key run","Sprat","M2","3",0.0905524189742058
"2000","2022 Key run","Sprat","M2","3",0.117686881375749
"2001","2022 Key run","Sprat","M2","3",0.118922927628576
"2002","2022 Key run","Sprat","M2","3",0.13750236101376
"2003","2022 Key run","Sprat","M2","3",0.109308853213194
"2004","2022 Key run","Sprat","M2","3",0.0942498077639219
"2005","2022 Key run","Sprat","M2","3",0.14713567075543
"2006","2022 Key run","Sprat","M2","3",0.169196389165834
"2007","2022 Key run","Sprat","M2","3",0.162328622792909
"2008","2022 Key run","Sprat","M2","3",0.172080571286037
"2009","2022 Key run","Sprat","M2","3",0.165964402730538
"2010","2022 Key run","Sprat","M2","3",0.200063669611238
"2011","2022 Key run","Sprat","M2","3",0.209733979499716
"2012","2022 Key run","Sprat","M2","3",0.159066844349708
"2013","2022 Key run","Sprat","M2","3",0.142007206782556
"2014","2022 Key run","Sprat","M2","3",0.157652787166063
"2015","2022 Key run","Sprat","M2","3",0.114450794183864
"2016","2022 Key run","Sprat","M2","3",0.110191537368738
"2017","2022 Key run","Sprat","M2","3",0.10236443910357
"2018","2022 Key run","Sprat","M2","3",0.0881826075206022
"2019","2022 Key run","Sprat","M2","3",0.084318506846015
"2020","2022 Key run","Sprat","M2","3",0.0730746617177736
"2021","2022 Key run","Sprat","M2","3",0.0693018955873759
"1974","2025 key run","Sprat","M2","3",0.273880886049596
"1975","2025 key run","Sprat","M2","3",0.303813014670698
"1976","2025 key run","Sprat","M2","3",0.236096392788393
"1977","2025 key run","Sprat","M2","3",0.279925463134598
"1978","2025 key run","Sprat","M2","3",0.517752397305344
"1979","2025 key run","Sprat","M2","3",0.569633745309508
"1980","2025 key run","Sprat","M2","3",0.562177315084195
"1981","2025 key run","Sprat","M2","3",0.477680439328331
"1982","2025 key run","Sprat","M2","3",0.489715306099862
"1983","2025 key run","Sprat","M2","3",0.415530886312887
"1984","2025 key run","Sprat","M2","3",0.329550804100379
"1985","2025 key run","Sprat","M2","3",0.288451308448089
"1986","2025 key run","Sprat","M2","3",0.266075238711593
"1987","2025 key run","Sprat","M2","3",0.241813756703944
"1988","2025 key run","Sprat","M2","3",0.267387104047592
"1989","2025 key run","Sprat","M2","3",0.181026635761604
"1990","2025 key run","Sprat","M2","3",0.107324249653775
"1991","2025 key run","Sprat","M2","3",0.0689144222956267
"1992","2025 key run","Sprat","M2","3",0.068246267582232
"1993","2025 key run","Sprat","M2","3",0.122106458704758
"1994","2025 key run","Sprat","M2","3",0.118059468338426
"1995","2025 key run","Sprat","M2","3",0.0993707227684159
"1996","2025 key run","Sprat","M2","3",0.0781109735802195
"1997","2025 key run","Sprat","M2","3",0.0734534549787398
"1998","2025 key run","Sprat","M2","3",0.0772149694596901
"1999","2025 key run","Sprat","M2","3",0.0905801373344701
"2000","2025 key run","Sprat","M2","3",0.117878718412454
"2001","2025 key run","Sprat","M2","3",0.119493886721597
"2002","2025 key run","Sprat","M2","3",0.137962414786755
"2003","2025 key run","Sprat","M2","3",0.109029072474463
"2004","2025 key run","Sprat","M2","3",0.0932311171309259
"2005","2025 key run","Sprat","M2","3",0.144461228317705
"2006","2025 key run","Sprat","M2","3",0.165784219187462
"2007","2025 key run","Sprat","M2","3",0.159815929574303
"2008","2025 key run","Sprat","M2","3",0.169564339847056
"2009","2025 key run","Sprat","M2","3",0.164857652718709
"2010","2025 key run","Sprat","M2","3",0.198659514639436
"2011","2025 key run","Sprat","M2","3",0.207881853134681
"2012","2025 key run","Sprat","M2","3",0.157484675965217
"2013","2025 key run","Sprat","M2","3",0.140593997538056
"2014","2025 key run","Sprat","M2","3",0.15644142883531
"2015","2025 key run","Sprat","M2","3",0.113761343527108
"2016","2025 key run","Sprat","M2","3",0.10814656462137
"2017","2025 key run","Sprat","M2","3",0.0986379572593936
"2018","2025 key run","Sprat","M2","3",0.0838083511105187
"2019","2025 key run","Sprat","M2","3",0.0781538791582387
"2020","2025 key run","Sprat","M2","3",0.0681275403023961
"2021","2025 key run","Sprat","M2","3",0.0727997441085365
"2022","2025 key run","Sprat","M2","3",0.0904898001329492
"2023","2025 key run","Sprat","M2","3",0.0995897660436923
"2024","2025 key run","Sprat","M2","3",0.0958057467630574
"1974","2022 Key run","Herring","M2","4",0.130334575851509
"1975","2022 Key run","Herring","M2","4",0.152713862121985
"1976","2022 Key run","Herring","M2","4",0.137319436022362
"1977","2022 Key run","Herring","M2","4",0.150103068044182
"1978","2022 Key run","Herring","M2","4",0.219043163067368
"1979","2022 Key run","Herring","M2","4",0.237591361600095
"1980","2022 Key run","Herring","M2","4",0.273724338729989
"1981","2022 Key run","Herring","M2","4",0.241701792150018
"1982","2022 Key run","Herring","M2","4",0.232898543835125
"1983","2022 Key run","Herring","M2","4",0.251351048020444
"1984","2022 Key run","Herring","M2","4",0.200227105469002
"1985","2022 Key run","Herring","M2","4",0.176436504574696
"1986","2022 Key run","Herring","M2","4",0.162767781746158
"1987","2022 Key run","Herring","M2","4",0.150283725017661
"1988","2022 Key run","Herring","M2","4",0.155297715701613
"1989","2022 Key run","Herring","M2","4",0.141846151328225
"1990","2022 Key run","Herring","M2","4",0.0930971612169102
"1991","2022 Key run","Herring","M2","4",0.0485699837829539
"1992","2022 Key run","Herring","M2","4",0.0447665567087014
"1993","2022 Key run","Herring","M2","4",0.0885526610571756
"1994","2022 Key run","Herring","M2","4",0.0917928328189968
"1995","2022 Key run","Herring","M2","4",0.0933642631092672
"1996","2022 Key run","Herring","M2","4",0.0815368725820638
"1997","2022 Key run","Herring","M2","4",0.0693536335965892
"1998","2022 Key run","Herring","M2","4",0.0596491376590914
"1999","2022 Key run","Herring","M2","4",0.0735497746818427
"2000","2022 Key run","Herring","M2","4",0.110493855356938
"2001","2022 Key run","Herring","M2","4",0.111346235919661
"2002","2022 Key run","Herring","M2","4",0.108184364220541
"2003","2022 Key run","Herring","M2","4",0.0802826812619074
"2004","2022 Key run","Herring","M2","4",0.0846537137373838
"2005","2022 Key run","Herring","M2","4",0.110684836859755
"2006","2022 Key run","Herring","M2","4",0.134965317469253
"2007","2022 Key run","Herring","M2","4",0.12400734840502
"2008","2022 Key run","Herring","M2","4",0.127245586593182
"2009","2022 Key run","Herring","M2","4",0.138425614537249
"2010","2022 Key run","Herring","M2","4",0.140486068129627
"2011","2022 Key run","Herring","M2","4",0.145501323133281
"2012","2022 Key run","Herring","M2","4",0.1126510370621
"2013","2022 Key run","Herring","M2","4",0.101858038888948
"2014","2022 Key run","Herring","M2","4",0.0768495277669358
"2015","2022 Key run","Herring","M2","4",0.0758852935735679
"2016","2022 Key run","Herring","M2","4",0.0813957345111219
"2017","2022 Key run","Herring","M2","4",0.0641737513900959
"2018","2022 Key run","Herring","M2","4",0.0604458775235291
"2019","2022 Key run","Herring","M2","4",0.0517696963993168
"2020","2022 Key run","Herring","M2","4",0.0520144129643367
"2021","2022 Key run","Herring","M2","4",0.0512859677749849
"1974","2025 key run","Herring","M2","4",0.129547066523821
"1975","2025 key run","Herring","M2","4",0.152321248493965
"1976","2025 key run","Herring","M2","4",0.137321365574226
"1977","2025 key run","Herring","M2","4",0.149941842197786
"1978","2025 key run","Herring","M2","4",0.21861307239004
"1979","2025 key run","Herring","M2","4",0.237332461483753
"1980","2025 key run","Herring","M2","4",0.273420433079575
"1981","2025 key run","Herring","M2","4",0.241406782035452
"1982","2025 key run","Herring","M2","4",0.233114106057994
"1983","2025 key run","Herring","M2","4",0.253605571259952
"1984","2025 key run","Herring","M2","4",0.203263627963712
"1985","2025 key run","Herring","M2","4",0.179319536298062
"1986","2025 key run","Herring","M2","4",0.16496560747373
"1987","2025 key run","Herring","M2","4",0.151344091060108
"1988","2025 key run","Herring","M2","4",0.157066115310146
"1989","2025 key run","Herring","M2","4",0.144785150814384
"1990","2025 key run","Herring","M2","4",0.0954726708858189
"1991","2025 key run","Herring","M2","4",0.0498750170883178
"1992","2025 key run","Herring","M2","4",0.0455850401090623
"1993","2025 key run","Herring","M2","4",0.0896627695519333
"1994","2025 key run","Herring","M2","4",0.0928711849191884
"1995","2025 key run","Herring","M2","4",0.0941975025279273
"1996","2025 key run","Herring","M2","4",0.0816039725890106
"1997","2025 key run","Herring","M2","4",0.0691431863523414
"1998","2025 key run","Herring","M2","4",0.0592274163413206
"1999","2025 key run","Herring","M2","4",0.0728318765557287
"2000","2025 key run","Herring","M2","4",0.110422487111004
"2001","2025 key run","Herring","M2","4",0.111670177913535
"2002","2025 key run","Herring","M2","4",0.10874844293022
"2003","2025 key run","Herring","M2","4",0.0803879547932934
"2004","2025 key run","Herring","M2","4",0.0839020333100909
"2005","2025 key run","Herring","M2","4",0.109054061753451
"2006","2025 key run","Herring","M2","4",0.13248977357391
"2007","2025 key run","Herring","M2","4",0.122185490106021
"2008","2025 key run","Herring","M2","4",0.125312093908904
"2009","2025 key run","Herring","M2","4",0.136969186891662
"2010","2025 key run","Herring","M2","4",0.139668014501743
"2011","2025 key run","Herring","M2","4",0.144719703520157
"2012","2025 key run","Herring","M2","4",0.111679610610331
"2013","2025 key run","Herring","M2","4",0.100417052985879
"2014","2025 key run","Herring","M2","4",0.0760315616162347
"2015","2025 key run","Herring","M2","4",0.0751234239152836
"2016","2025 key run","Herring","M2","4",0.0797487836041402
"2017","2025 key run","Herring","M2","4",0.061980037925769
"2018","2025 key run","Herring","M2","4",0.0576620103281934
"2019","2025 key run","Herring","M2","4",0.0479718634411258
"2020","2025 key run","Herring","M2","4",0.0474652512375315
"2021","2025 key run","Herring","M2","4",0.0510780787417604
"2022","2025 key run","Herring","M2","4",0.0638648695812116
"2023","2025 key run","Herring","M2","4",0.0670851928956071
"2024","2025 key run","Herring","M2","4",0.0559472955298607
"1974","2022 Key run","Sprat","M2","4",0.245371608399833
"1975","2022 Key run","Sprat","M2","4",0.274083508304063
"1976","2022 Key run","Sprat","M2","4",0.215298252178813
"1977","2022 Key run","Sprat","M2","4",0.257103686645162
"1978","2022 Key run","Sprat","M2","4",0.433736303071558
"1979","2022 Key run","Sprat","M2","4",0.567624583405863
"1980","2022 Key run","Sprat","M2","4",0.540716536409799
"1981","2022 Key run","Sprat","M2","4",0.436131349292774
"1982","2022 Key run","Sprat","M2","4",0.464981063681779
"1983","2022 Key run","Sprat","M2","4",0.390813436125366
"1984","2022 Key run","Sprat","M2","4",0.317784964998211
"1985","2022 Key run","Sprat","M2","4",0.268759832207282
"1986","2022 Key run","Sprat","M2","4",0.2342400622124
"1987","2022 Key run","Sprat","M2","4",0.219755203102549
"1988","2022 Key run","Sprat","M2","4",0.230746226908434
"1989","2022 Key run","Sprat","M2","4",0.170650573834066
"1990","2022 Key run","Sprat","M2","4",0.0972004162895227
"1991","2022 Key run","Sprat","M2","4",0.0624473466828824
"1992","2022 Key run","Sprat","M2","4",0.0633129196076213
"1993","2022 Key run","Sprat","M2","4",0.109909689107836
"1994","2022 Key run","Sprat","M2","4",0.103784814805403
"1995","2022 Key run","Sprat","M2","4",0.0901766803503115
"1996","2022 Key run","Sprat","M2","4",0.0752560131214961
"1997","2022 Key run","Sprat","M2","4",0.0646134182531456
"1998","2022 Key run","Sprat","M2","4",0.0738644237090664
"1999","2022 Key run","Sprat","M2","4",0.0904775606476524
"2000","2022 Key run","Sprat","M2","4",0.11207306692483
"2001","2022 Key run","Sprat","M2","4",0.120041944757487
"2002","2022 Key run","Sprat","M2","4",0.130666094043959
"2003","2022 Key run","Sprat","M2","4",0.108939608540688
"2004","2022 Key run","Sprat","M2","4",0.0874226530922117
"2005","2022 Key run","Sprat","M2","4",0.123113984904363
"2006","2022 Key run","Sprat","M2","4",0.160219216481219
"2007","2022 Key run","Sprat","M2","4",0.161048876942729
"2008","2022 Key run","Sprat","M2","4",0.161787012759936
"2009","2022 Key run","Sprat","M2","4",0.158218456110079
"2010","2022 Key run","Sprat","M2","4",0.188136176004538
"2011","2022 Key run","Sprat","M2","4",0.194576375553747
"2012","2022 Key run","Sprat","M2","4",0.157413388044584
"2013","2022 Key run","Sprat","M2","4",0.133601260140861
"2014","2022 Key run","Sprat","M2","4",0.139571641752534
"2015","2022 Key run","Sprat","M2","4",0.106313269989063
"2016","2022 Key run","Sprat","M2","4",0.0986819393114543
"2017","2022 Key run","Sprat","M2","4",0.0869781479983008
"2018","2022 Key run","Sprat","M2","4",0.0853878059200816
"2019","2022 Key run","Sprat","M2","4",0.0787719151934181
"2020","2022 Key run","Sprat","M2","4",0.0676373043108817
"2021","2022 Key run","Sprat","M2","4",0.0662683028407548
"1974","2025 key run","Sprat","M2","4",0.247332257254322
"1975","2025 key run","Sprat","M2","4",0.276237733887546
"1976","2025 key run","Sprat","M2","4",0.217168558708268
"1977","2025 key run","Sprat","M2","4",0.258687557360627
"1978","2025 key run","Sprat","M2","4",0.437075253911386
"1979","2025 key run","Sprat","M2","4",0.572830527773627
"1980","2025 key run","Sprat","M2","4",0.545041310600324
"1981","2025 key run","Sprat","M2","4",0.439517482810791
"1982","2025 key run","Sprat","M2","4",0.469160882964575
"1983","2025 key run","Sprat","M2","4",0.396982066811553
"1984","2025 key run","Sprat","M2","4",0.323867536822963
"1985","2025 key run","Sprat","M2","4",0.273831432398309
"1986","2025 key run","Sprat","M2","4",0.238753826058609
"1987","2025 key run","Sprat","M2","4",0.223898129706741
"1988","2025 key run","Sprat","M2","4",0.235750399208368
"1989","2025 key run","Sprat","M2","4",0.175749279071965
"1990","2025 key run","Sprat","M2","4",0.100647119271567
"1991","2025 key run","Sprat","M2","4",0.064390901294316
"1992","2025 key run","Sprat","M2","4",0.0649211586145159
"1993","2025 key run","Sprat","M2","4",0.112244715964936
"1994","2025 key run","Sprat","M2","4",0.106026917724324
"1995","2025 key run","Sprat","M2","4",0.0917540587010145
"1996","2025 key run","Sprat","M2","4",0.0759369918534196
"1997","2025 key run","Sprat","M2","4",0.0649416012199853
"1998","2025 key run","Sprat","M2","4",0.0739027918605138
"1999","2025 key run","Sprat","M2","4",0.0904944391941287
"2000","2025 key run","Sprat","M2","4",0.112360298280204
"2001","2025 key run","Sprat","M2","4",0.12057701189567
"2002","2025 key run","Sprat","M2","4",0.13124058277924
"2003","2025 key run","Sprat","M2","4",0.108667634047718
"2004","2025 key run","Sprat","M2","4",0.0866084149341725
"2005","2025 key run","Sprat","M2","4",0.121344556697098
"2006","2025 key run","Sprat","M2","4",0.157132969945393
"2007","2025 key run","Sprat","M2","4",0.158628549751179
"2008","2025 key run","Sprat","M2","4",0.15958420603449
"2009","2025 key run","Sprat","M2","4",0.157311584136553
"2010","2025 key run","Sprat","M2","4",0.187076419347194
"2011","2025 key run","Sprat","M2","4",0.193170926994565
"2012","2025 key run","Sprat","M2","4",0.155878708969041
"2013","2025 key run","Sprat","M2","4",0.132409607198689
"2014","2025 key run","Sprat","M2","4",0.138676941840747
"2015","2025 key run","Sprat","M2","4",0.10577422525579
"2016","2025 key run","Sprat","M2","4",0.0970141624043971
"2017","2025 key run","Sprat","M2","4",0.0840832048503292
"2018","2025 key run","Sprat","M2","4",0.0812109627927913
"2019","2025 key run","Sprat","M2","4",0.0730890091965996
"2020","2025 key run","Sprat","M2","4",0.0629133929915845
"2021","2025 key run","Sprat","M2","4",0.0695727603564695
"2022","2025 key run","Sprat","M2","4",0.0834926625182809
"2023","2025 key run","Sprat","M2","4",0.094310988978273
"2024","2025 key run","Sprat","M2","4",0.0922616321930011
"1974","2022 Key run","Herring","M2","5",0.116595705509411
"1975","2022 Key run","Herring","M2","5",0.137961650571097
"1976","2022 Key run","Herring","M2","5",0.124703822555072
"1977","2022 Key run","Herring","M2","5",0.136319165727461
"1978","2022 Key run","Herring","M2","5",0.195838892292911
"1979","2022 Key run","Herring","M2","5",0.223426823476118
"1980","2022 Key run","Herring","M2","5",0.279213991150404
"1981","2022 Key run","Herring","M2","5",0.208425162767213
"1982","2022 Key run","Herring","M2","5",0.198753407771139
"1983","2022 Key run","Herring","M2","5",0.208060537261223
"1984","2022 Key run","Herring","M2","5",0.198730197910056
"1985","2022 Key run","Herring","M2","5",0.144845868308061
"1986","2022 Key run","Herring","M2","5",0.141071170303091
"1987","2022 Key run","Herring","M2","5",0.115300822191617
"1988","2022 Key run","Herring","M2","5",0.136326102106091
"1989","2022 Key run","Herring","M2","5",0.114501651946485
"1990","2022 Key run","Herring","M2","5",0.0669289028299093
"1991","2022 Key run","Herring","M2","5",0.0590466832395292
"1992","2022 Key run","Herring","M2","5",0.0363003916906544
"1993","2022 Key run","Herring","M2","5",0.070457385120006
"1994","2022 Key run","Herring","M2","5",0.0810687605462766
"1995","2022 Key run","Herring","M2","5",0.0827260434112127
"1996","2022 Key run","Herring","M2","5",0.0737531551231543
"1997","2022 Key run","Herring","M2","5",0.0601217247394058
"1998","2022 Key run","Herring","M2","5",0.051720471846971
"1999","2022 Key run","Herring","M2","5",0.0616070523263539
"2000","2022 Key run","Herring","M2","5",0.102007134696606
"2001","2022 Key run","Herring","M2","5",0.098014235764462
"2002","2022 Key run","Herring","M2","5",0.101838382814438
"2003","2022 Key run","Herring","M2","5",0.0739419767242361
"2004","2022 Key run","Herring","M2","5",0.0665082920864335
"2005","2022 Key run","Herring","M2","5",0.0862363544497413
"2006","2022 Key run","Herring","M2","5",0.109842174696991
"2007","2022 Key run","Herring","M2","5",0.111357195262739
"2008","2022 Key run","Herring","M2","5",0.101632857915221
"2009","2022 Key run","Herring","M2","5",0.11198142839605
"2010","2022 Key run","Herring","M2","5",0.135296743347989
"2011","2022 Key run","Herring","M2","5",0.121285158983922
"2012","2022 Key run","Herring","M2","5",0.0867405447892012
"2013","2022 Key run","Herring","M2","5",0.0779342443885046
"2014","2022 Key run","Herring","M2","5",0.0845840241492968
"2015","2022 Key run","Herring","M2","5",0.0606033910279144
"2016","2022 Key run","Herring","M2","5",0.0697640869744092
"2017","2022 Key run","Herring","M2","5",0.0576761105814821
"2018","2022 Key run","Herring","M2","5",0.0400378448807831
"2019","2022 Key run","Herring","M2","5",0.0517124926334408
"2020","2022 Key run","Herring","M2","5",0.0424449442830595
"2021","2022 Key run","Herring","M2","5",0.0476458115668206
"1974","2025 key run","Herring","M2","5",0.116053203781213
"1975","2025 key run","Herring","M2","5",0.137711852069317
"1976","2025 key run","Herring","M2","5",0.124872040669234
"1977","2025 key run","Herring","M2","5",0.136377611308507
"1978","2025 key run","Herring","M2","5",0.195737542984993
"1979","2025 key run","Herring","M2","5",0.223354913109611
"1980","2025 key run","Herring","M2","5",0.278642284495362
"1981","2025 key run","Herring","M2","5",0.208435976839136
"1982","2025 key run","Herring","M2","5",0.19924036505045
"1983","2025 key run","Herring","M2","5",0.210367717211355
"1984","2025 key run","Herring","M2","5",0.201733231185516
"1985","2025 key run","Herring","M2","5",0.147646729273406
"1986","2025 key run","Herring","M2","5",0.143140294673851
"1987","2025 key run","Herring","M2","5",0.116457793693329
"1988","2025 key run","Herring","M2","5",0.137855220053225
"1989","2025 key run","Herring","M2","5",0.117129659507579
"1990","2025 key run","Herring","M2","5",0.0688916083323501
"1991","2025 key run","Herring","M2","5",0.0604668044997653
"1992","2025 key run","Herring","M2","5",0.0369939504621559
"1993","2025 key run","Herring","M2","5",0.0715322513553073
"1994","2025 key run","Herring","M2","5",0.0821464399544049
"1995","2025 key run","Herring","M2","5",0.0836392356778797
"1996","2025 key run","Herring","M2","5",0.0739564998881763
"1997","2025 key run","Herring","M2","5",0.0601060061692923
"1998","2025 key run","Herring","M2","5",0.0514310059962778
"1999","2025 key run","Herring","M2","5",0.0611053213016469
"2000","2025 key run","Herring","M2","5",0.102116449695626
"2001","2025 key run","Herring","M2","5",0.0986346773443054
"2002","2025 key run","Herring","M2","5",0.102602843216932
"2003","2025 key run","Herring","M2","5",0.0741506937628721
"2004","2025 key run","Herring","M2","5",0.0661751322587612
"2005","2025 key run","Herring","M2","5",0.0852010442329166
"2006","2025 key run","Herring","M2","5",0.108061018287084
"2007","2025 key run","Herring","M2","5",0.109711797003114
"2008","2025 key run","Herring","M2","5",0.100315029467265
"2009","2025 key run","Herring","M2","5",0.110985529467388
"2010","2025 key run","Herring","M2","5",0.134539047477342
"2011","2025 key run","Herring","M2","5",0.120902354834397
"2012","2025 key run","Herring","M2","5",0.0862343665674968
"2013","2025 key run","Herring","M2","5",0.076961165704245
"2014","2025 key run","Herring","M2","5",0.0836518505053458
"2015","2025 key run","Herring","M2","5",0.0600268982998749
"2016","2025 key run","Herring","M2","5",0.0684255646408943
"2017","2025 key run","Herring","M2","5",0.055784716790347
"2018","2025 key run","Herring","M2","5",0.0384787730055511
"2019","2025 key run","Herring","M2","5",0.0480710509746389
"2020","2025 key run","Herring","M2","5",0.0385584698909053
"2021","2025 key run","Herring","M2","5",0.046819021633556
"2022","2025 key run","Herring","M2","5",0.0587644984630984
"2023","2025 key run","Herring","M2","5",0.0562197095721955
"2024","2025 key run","Herring","M2","5",0.0424792579619089
"1974","2022 Key run","Sprat","M2","5",0.245371546348566
"1975","2022 Key run","Sprat","M2","5",0.274083538481799
"1976","2022 Key run","Sprat","M2","5",0.215298231978651
"1977","2022 Key run","Sprat","M2","5",0.257103760009025
"1978","2022 Key run","Sprat","M2","5",0.42253006983756
"1979","2022 Key run","Sprat","M2","5",0.51019576638019
"1980","2022 Key run","Sprat","M2","5",0.551151756508099
"1981","2022 Key run","Sprat","M2","5",0.439328381112271
"1982","2022 Key run","Sprat","M2","5",0.437652638252454
"1983","2022 Key run","Sprat","M2","5",0.376324949620051
"1984","2022 Key run","Sprat","M2","5",0.301774117742507
"1985","2022 Key run","Sprat","M2","5",0.249621735320657
"1986","2022 Key run","Sprat","M2","5",0.219356474038848
"1987","2022 Key run","Sprat","M2","5",0.215390690037768
"1988","2022 Key run","Sprat","M2","5",0.214811814575472
"1989","2022 Key run","Sprat","M2","5",0.161523783771187
"1990","2022 Key run","Sprat","M2","5",0.0913500355499792
"1991","2022 Key run","Sprat","M2","5",0.0603359363990802
"1992","2022 Key run","Sprat","M2","5",0.0597669401839056
"1993","2022 Key run","Sprat","M2","5",0.106198937783936
"1994","2022 Key run","Sprat","M2","5",0.101550325103407
"1995","2022 Key run","Sprat","M2","5",0.0860699738167308
"1996","2022 Key run","Sprat","M2","5",0.0698376309164182
"1997","2022 Key run","Sprat","M2","5",0.0576538805501274
"1998","2022 Key run","Sprat","M2","5",0.0664331503841095
"1999","2022 Key run","Sprat","M2","5",0.0892031245364501
"2000","2022 Key run","Sprat","M2","5",0.107965164404009
"2001","2022 Key run","Sprat","M2","5",0.114044957862349
"2002","2022 Key run","Sprat","M2","5",0.1301909539584
"2003","2022 Key run","Sprat","M2","5",0.103623399350723
"2004","2022 Key run","Sprat","M2","5",0.0894973667825461
"2005","2022 Key run","Sprat","M2","5",0.118341074825503
"2006","2022 Key run","Sprat","M2","5",0.140909652803381
"2007","2022 Key run","Sprat","M2","5",0.158502399424685
"2008","2022 Key run","Sprat","M2","5",0.166129394267063
"2009","2022 Key run","Sprat","M2","5",0.154774515143564
"2010","2022 Key run","Sprat","M2","5",0.184426375950731
"2011","2022 Key run","Sprat","M2","5",0.181698231125089
"2012","2022 Key run","Sprat","M2","5",0.147719948681906
"2013","2022 Key run","Sprat","M2","5",0.132498009086499
"2014","2022 Key run","Sprat","M2","5",0.133049813366134
"2015","2022 Key run","Sprat","M2","5",0.100567270614276
"2016","2022 Key run","Sprat","M2","5",0.0953774787794612
"2017","2022 Key run","Sprat","M2","5",0.0805091338305874
"2018","2022 Key run","Sprat","M2","5",0.0764881051563097
"2019","2022 Key run","Sprat","M2","5",0.0786962284002418
"2020","2022 Key run","Sprat","M2","5",0.0650977917572895
"2021","2022 Key run","Sprat","M2","5",0.0636303170487254
"1974","2025 key run","Sprat","M2","5",0.247332327110229
"1975","2025 key run","Sprat","M2","5",0.276237770239819
"1976","2025 key run","Sprat","M2","5",0.217168549005665
"1977","2025 key run","Sprat","M2","5",0.258687522062677
"1978","2025 key run","Sprat","M2","5",0.425818829223858
"1979","2025 key run","Sprat","M2","5",0.515698529637269
"1980","2025 key run","Sprat","M2","5",0.555414463898676
"1981","2025 key run","Sprat","M2","5",0.442760026540201
"1982","2025 key run","Sprat","M2","5",0.441991005173335
"1983","2025 key run","Sprat","M2","5",0.382706284453568
"1984","2025 key run","Sprat","M2","5",0.307949631810181
"1985","2025 key run","Sprat","M2","5",0.254873707629364
"1986","2025 key run","Sprat","M2","5",0.223870756186811
"1987","2025 key run","Sprat","M2","5",0.219507155185948
"1988","2025 key run","Sprat","M2","5",0.219719793656408
"1989","2025 key run","Sprat","M2","5",0.166554769907102
"1990","2025 key run","Sprat","M2","5",0.0946935062966334
"1991","2025 key run","Sprat","M2","5",0.0622533102191815
"1992","2025 key run","Sprat","M2","5",0.0613422375607061
"1993","2025 key run","Sprat","M2","5",0.108507253269345
"1994","2025 key run","Sprat","M2","5",0.10379294981534
"1995","2025 key run","Sprat","M2","5",0.087687268541193
"1996","2025 key run","Sprat","M2","5",0.0706550264282118
"1997","2025 key run","Sprat","M2","5",0.0581146198561995
"1998","2025 key run","Sprat","M2","5",0.066597480509325
"1999","2025 key run","Sprat","M2","5",0.0892363589767859
"2000","2025 key run","Sprat","M2","5",0.108313612470008
"2001","2025 key run","Sprat","M2","5",0.11465766167606
"2002","2025 key run","Sprat","M2","5",0.130776466657189
"2003","2025 key run","Sprat","M2","5",0.103486468734562
"2004","2025 key run","Sprat","M2","5",0.0886270550392099
"2005","2025 key run","Sprat","M2","5",0.116695673219866
"2006","2025 key run","Sprat","M2","5",0.138532030121062
"2007","2025 key run","Sprat","M2","5",0.156172034534425
"2008","2025 key run","Sprat","M2","5",0.163822853318282
"2009","2025 key run","Sprat","M2","5",0.153981509666827
"2010","2025 key run","Sprat","M2","5",0.183523755624916
"2011","2025 key run","Sprat","M2","5",0.180613534186828
"2012","2025 key run","Sprat","M2","5",0.146497234513264
"2013","2025 key run","Sprat","M2","5",0.131333301054784
"2014","2025 key run","Sprat","M2","5",0.132259045331816
"2015","2025 key run","Sprat","M2","5",0.100100839712705
"2016","2025 key run","Sprat","M2","5",0.0938223609230112
"2017","2025 key run","Sprat","M2","5",0.0779635289529739
"2018","2025 key run","Sprat","M2","5",0.0728864325163589
"2019","2025 key run","Sprat","M2","5",0.0730526737402916
"2020","2025 key run","Sprat","M2","5",0.0603480707723902
"2021","2025 key run","Sprat","M2","5",0.0663035067860803
"2022","2025 key run","Sprat","M2","5",0.0797590057609391
"2023","2025 key run","Sprat","M2","5",0.086220301233358
"2024","2025 key run","Sprat","M2","5",0.0863514663020715
"1974","2022 Key run","Herring","M2","6",0.114566178455857
"1975","2022 Key run","Herring","M2","6",0.137274570711061
"1976","2022 Key run","Herring","M2","6",0.123428058279817
"1977","2022 Key run","Herring","M2","6",0.134365403370734
"1978","2022 Key run","Herring","M2","6",0.171163115078063
"1979","2022 Key run","Herring","M2","6",0.214677580932698
"1980","2022 Key run","Herring","M2","6",0.227920828339516
"1981","2022 Key run","Herring","M2","6",0.209993502904602
"1982","2022 Key run","Herring","M2","6",0.180516559820249
"1983","2022 Key run","Herring","M2","6",0.178646117938988
"1984","2022 Key run","Herring","M2","6",0.169491816214306
"1985","2022 Key run","Herring","M2","6",0.137665577472476
"1986","2022 Key run","Herring","M2","6",0.122111641373967
"1987","2022 Key run","Herring","M2","6",0.0998004999938798
"1988","2022 Key run","Herring","M2","6",0.112410168103492
"1989","2022 Key run","Herring","M2","6",0.103123149729858
"1990","2022 Key run","Herring","M2","6",0.0594752021853765
"1991","2022 Key run","Herring","M2","6",0.0402914579794932
"1992","2022 Key run","Herring","M2","6",0.0449758446064551
"1993","2022 Key run","Herring","M2","6",0.0604970294731174
"1994","2022 Key run","Herring","M2","6",0.0687095571507265
"1995","2022 Key run","Herring","M2","6",0.0775089717743203
"1996","2022 Key run","Herring","M2","6",0.0658143275941903
"1997","2022 Key run","Herring","M2","6",0.0553479966035459
"1998","2022 Key run","Herring","M2","6",0.0459604034704738
"1999","2022 Key run","Herring","M2","6",0.051381695170135
"2000","2022 Key run","Herring","M2","6",0.0870162523990238
"2001","2022 Key run","Herring","M2","6",0.0889328847112281
"2002","2022 Key run","Herring","M2","6",0.0894345421204693
"2003","2022 Key run","Herring","M2","6",0.0665468950928076
"2004","2022 Key run","Herring","M2","6",0.0605139103648483
"2005","2022 Key run","Herring","M2","6",0.0712900504806062
"2006","2022 Key run","Herring","M2","6",0.0807982950807566
"2007","2022 Key run","Herring","M2","6",0.0805770683599952
"2008","2022 Key run","Herring","M2","6",0.110288215078964
"2009","2022 Key run","Herring","M2","6",0.0950371900892722
"2010","2022 Key run","Herring","M2","6",0.116289199949207
"2011","2022 Key run","Herring","M2","6",0.115395117290429
"2012","2022 Key run","Herring","M2","6",0.0771955545778546
"2013","2022 Key run","Herring","M2","6",0.0632175781156343
"2014","2022 Key run","Herring","M2","6",0.0636264276653166
"2015","2022 Key run","Herring","M2","6",0.0594700780414851
"2016","2022 Key run","Herring","M2","6",0.0595803782135734
"2017","2022 Key run","Herring","M2","6",0.0477761016819534
"2018","2022 Key run","Herring","M2","6",0.0376842908763256
"2019","2022 Key run","Herring","M2","6",0.0366144586405666
"2020","2022 Key run","Herring","M2","6",0.0434274927138272
"2021","2022 Key run","Herring","M2","6",0.0411942426944535
"1974","2025 key run","Herring","M2","6",0.114092089809561
"1975","2025 key run","Herring","M2","6",0.137039369669934
"1976","2025 key run","Herring","M2","6",0.123639348512848
"1977","2025 key run","Herring","M2","6",0.134478105050012
"1978","2025 key run","Herring","M2","6",0.171264964836304
"1979","2025 key run","Herring","M2","6",0.214709131660224
"1980","2025 key run","Herring","M2","6",0.227859379953792
"1981","2025 key run","Herring","M2","6",0.209898904679066
"1982","2025 key run","Herring","M2","6",0.181095451375798
"1983","2025 key run","Herring","M2","6",0.180888667505501
"1984","2025 key run","Herring","M2","6",0.17244685386688
"1985","2025 key run","Herring","M2","6",0.140327748264685
"1986","2025 key run","Herring","M2","6",0.124077025371895
"1987","2025 key run","Herring","M2","6",0.100908467237451
"1988","2025 key run","Herring","M2","6",0.1138139742932
"1989","2025 key run","Herring","M2","6",0.105589680038051
"1990","2025 key run","Herring","M2","6",0.0611943864185207
"1991","2025 key run","Herring","M2","6",0.0414342419633307
"1992","2025 key run","Herring","M2","6",0.0457820020606071
"1993","2025 key run","Herring","M2","6",0.0614643043174716
"1994","2025 key run","Herring","M2","6",0.0696817494963548
"1995","2025 key run","Herring","M2","6",0.078435083983153
"1996","2025 key run","Herring","M2","6",0.0661541228191973
"1997","2025 key run","Herring","M2","6",0.0554553639134407
"1998","2025 key run","Herring","M2","6",0.0458204927428515
"1999","2025 key run","Herring","M2","6",0.0510273585597913
"2000","2025 key run","Herring","M2","6",0.0872286770080335
"2001","2025 key run","Herring","M2","6",0.0894736253666973
"2002","2025 key run","Herring","M2","6",0.0901802641492116
"2003","2025 key run","Herring","M2","6",0.0668001979528928
"2004","2025 key run","Herring","M2","6",0.0602392706491535
"2005","2025 key run","Herring","M2","6",0.0705315351404784
"2006","2025 key run","Herring","M2","6",0.0796247746801825
"2007","2025 key run","Herring","M2","6",0.0795043398136803
"2008","2025 key run","Herring","M2","6",0.108739959608478
"2009","2025 key run","Herring","M2","6",0.0942525016912628
"2010","2025 key run","Herring","M2","6",0.11567187752689
"2011","2025 key run","Herring","M2","6",0.115035261460192
"2012","2025 key run","Herring","M2","6",0.0767196697754393
"2013","2025 key run","Herring","M2","6",0.0624560818044664
"2014","2025 key run","Herring","M2","6",0.0628578627098343
"2015","2025 key run","Herring","M2","6",0.0588583804566737
"2016","2025 key run","Herring","M2","6",0.0584629477729764
"2017","2025 key run","Herring","M2","6",0.0462503148424056
"2018","2025 key run","Herring","M2","6",0.0361622953993856
"2019","2025 key run","Herring","M2","6",0.0340883079000043
"2020","2025 key run","Herring","M2","6",0.0394778561929345
"2021","2025 key run","Herring","M2","6",0.0395661450110748
"2022","2025 key run","Herring","M2","6",0.0500812937662464
"2023","2025 key run","Herring","M2","6",0.0566371776650646
"2024","2025 key run","Herring","M2","6",0.0387276923435189
"1974","2022 Key run","Sprat","M2","6",0.231977625669605
"1975","2022 Key run","Sprat","M2","6",0.259075541310647
"1976","2022 Key run","Sprat","M2","6",0.205589551471586
"1977","2022 Key run","Sprat","M2","6",0.244519772125206
"1978","2022 Key run","Sprat","M2","6",0.412725497518819
"1979","2022 Key run","Sprat","M2","6",0.513700771475696
"1980","2022 Key run","Sprat","M2","6",0.512054438982316
"1981","2022 Key run","Sprat","M2","6",0.467371156749281
"1982","2022 Key run","Sprat","M2","6",0.466310021911347
"1983","2022 Key run","Sprat","M2","6",0.364187185643837
"1984","2022 Key run","Sprat","M2","6",0.295462562201313
"1985","2022 Key run","Sprat","M2","6",0.233867222802353
"1986","2022 Key run","Sprat","M2","6",0.213054253641016
"1987","2022 Key run","Sprat","M2","6",0.214121471315605
"1988","2022 Key run","Sprat","M2","6",0.211506572145427
"1989","2022 Key run","Sprat","M2","6",0.158208296483519
"1990","2022 Key run","Sprat","M2","6",0.0928582742618281
"1991","2022 Key run","Sprat","M2","6",0.0589014309118076
"1992","2022 Key run","Sprat","M2","6",0.0582849874270913
"1993","2022 Key run","Sprat","M2","6",0.102270472784065
"1994","2022 Key run","Sprat","M2","6",0.0976742180967549
"1995","2022 Key run","Sprat","M2","6",0.0843864083168884
"1996","2022 Key run","Sprat","M2","6",0.0682624108340809
"1997","2022 Key run","Sprat","M2","6",0.056952220597114
"1998","2022 Key run","Sprat","M2","6",0.0647574424897128
"1999","2022 Key run","Sprat","M2","6",0.0821984835108754
"2000","2022 Key run","Sprat","M2","6",0.105311088463872
"2001","2022 Key run","Sprat","M2","6",0.116607302584487
"2002","2022 Key run","Sprat","M2","6",0.129779535102689
"2003","2022 Key run","Sprat","M2","6",0.107321328711382
"2004","2022 Key run","Sprat","M2","6",0.0875006046907783
"2005","2022 Key run","Sprat","M2","6",0.113682171248477
"2006","2022 Key run","Sprat","M2","6",0.135181205847476
"2007","2022 Key run","Sprat","M2","6",0.144698694748832
"2008","2022 Key run","Sprat","M2","6",0.16775640897695
"2009","2022 Key run","Sprat","M2","6",0.161590674626564
"2010","2022 Key run","Sprat","M2","6",0.180746887706679
"2011","2022 Key run","Sprat","M2","6",0.182600459375888
"2012","2022 Key run","Sprat","M2","6",0.144496505831576
"2013","2022 Key run","Sprat","M2","6",0.130615018278523
"2014","2022 Key run","Sprat","M2","6",0.133595855387894
"2015","2022 Key run","Sprat","M2","6",0.0965843797630685
"2016","2022 Key run","Sprat","M2","6",0.0916157953740025
"2017","2022 Key run","Sprat","M2","6",0.0803507547416259
"2018","2022 Key run","Sprat","M2","6",0.0710302024841377
"2019","2022 Key run","Sprat","M2","6",0.0673030612456507
"2020","2022 Key run","Sprat","M2","6",0.065870712099011
"2021","2022 Key run","Sprat","M2","6",0.0588208168735742
"1974","2025 key run","Sprat","M2","6",0.233926977027253
"1975","2025 key run","Sprat","M2","6",0.26129301991464
"1976","2025 key run","Sprat","M2","6",0.207532099278407
"1977","2025 key run","Sprat","M2","6",0.24617129766495
"1978","2025 key run","Sprat","M2","6",0.41616218173742
"1979","2025 key run","Sprat","M2","6",0.518959272053911
"1980","2025 key run","Sprat","M2","6",0.516601152129107
"1981","2025 key run","Sprat","M2","6",0.470518216625117
"1982","2025 key run","Sprat","M2","6",0.470586553038173
"1983","2025 key run","Sprat","M2","6",0.370573823613932
"1984","2025 key run","Sprat","M2","6",0.301748981359361
"1985","2025 key run","Sprat","M2","6",0.239036941364884
"1986","2025 key run","Sprat","M2","6",0.217475962594165
"1987","2025 key run","Sprat","M2","6",0.218231506127857
"1988","2025 key run","Sprat","M2","6",0.216368607791392
"1989","2025 key run","Sprat","M2","6",0.163201154489984
"1990","2025 key run","Sprat","M2","6",0.0962422318266766
"1991","2025 key run","Sprat","M2","6",0.0608048362065438
"1992","2025 key run","Sprat","M2","6",0.0598461661035748
"1993","2025 key run","Sprat","M2","6",0.104622789782586
"1994","2025 key run","Sprat","M2","6",0.0999231530105274
"1995","2025 key run","Sprat","M2","6",0.0860259359331675
"1996","2025 key run","Sprat","M2","6",0.069088894882175
"1997","2025 key run","Sprat","M2","6",0.0574308153090971
"1998","2025 key run","Sprat","M2","6",0.0649437956640553
"1999","2025 key run","Sprat","M2","6",0.0823443181284942
"2000","2025 key run","Sprat","M2","6",0.105701927601178
"2001","2025 key run","Sprat","M2","6",0.117190983762549
"2002","2025 key run","Sprat","M2","6",0.130355197158079
"2003","2025 key run","Sprat","M2","6",0.107093133935113
"2004","2025 key run","Sprat","M2","6",0.0866859849990809
"2005","2025 key run","Sprat","M2","6",0.112192991174784
"2006","2025 key run","Sprat","M2","6",0.132936709318325
"2007","2025 key run","Sprat","M2","6",0.142800599829874
"2008","2025 key run","Sprat","M2","6",0.16537911803004
"2009","2025 key run","Sprat","M2","6",0.160563957727457
"2010","2025 key run","Sprat","M2","6",0.17994315981108
"2011","2025 key run","Sprat","M2","6",0.181559973862818
"2012","2025 key run","Sprat","M2","6",0.143342084202969
"2013","2025 key run","Sprat","M2","6",0.129474693679993
"2014","2025 key run","Sprat","M2","6",0.132803081957609
"2015","2025 key run","Sprat","M2","6",0.0961748410540458
"2016","2025 key run","Sprat","M2","6",0.0901559664345991
"2017","2025 key run","Sprat","M2","6",0.0778058447224433
"2018","2025 key run","Sprat","M2","6",0.0678297237085237
"2019","2025 key run","Sprat","M2","6",0.0624841443806116
"2020","2025 key run","Sprat","M2","6",0.0612202681357681
"2021","2025 key run","Sprat","M2","6",0.0604544549118089
"2022","2025 key run","Sprat","M2","6",0.0772287041628276
"2023","2025 key run","Sprat","M2","6",0.0852452304147216
"2024","2025 key run","Sprat","M2","6",0.0826672534375735
"1974","2022 Key run","Herring","M2","7",0.100229788330008
"1975","2022 Key run","Herring","M2","7",0.122285404634768
"1976","2022 Key run","Herring","M2","7",0.111282906132498
"1977","2022 Key run","Herring","M2","7",0.11940498038606
"1978","2022 Key run","Herring","M2","7",0.156221087294011
"1979","2022 Key run","Herring","M2","7",0.179468978819303
"1980","2022 Key run","Herring","M2","7",0.202148270906112
"1981","2022 Key run","Herring","M2","7",0.174520475526599
"1982","2022 Key run","Herring","M2","7",0.177802212229312
"1983","2022 Key run","Herring","M2","7",0.162724503645944
"1984","2022 Key run","Herring","M2","7",0.144687362925012
"1985","2022 Key run","Herring","M2","7",0.125608659266309
"1986","2022 Key run","Herring","M2","7",0.108141891348766
"1987","2022 Key run","Herring","M2","7",0.0889665564832276
"1988","2022 Key run","Herring","M2","7",0.0939950184825906
"1989","2022 Key run","Herring","M2","7",0.0849276593110275
"1990","2022 Key run","Herring","M2","7",0.0534807445456769
"1991","2022 Key run","Herring","M2","7",0.0437914081170103
"1992","2022 Key run","Herring","M2","7",0.0328431708090212
"1993","2022 Key run","Herring","M2","7",0.0688374729162649
"1994","2022 Key run","Herring","M2","7",0.0552654160793168
"1995","2022 Key run","Herring","M2","7",0.0651598336943562
"1996","2022 Key run","Herring","M2","7",0.0605503529642204
"1997","2022 Key run","Herring","M2","7",0.051492264987095
"1998","2022 Key run","Herring","M2","7",0.0446047963216755
"1999","2022 Key run","Herring","M2","7",0.0491263633293404
"2000","2022 Key run","Herring","M2","7",0.0779441883397713
"2001","2022 Key run","Herring","M2","7",0.0863588998270833
"2002","2022 Key run","Herring","M2","7",0.0812275277375365
"2003","2022 Key run","Herring","M2","7",0.0588240872047897
"2004","2022 Key run","Herring","M2","7",0.053678799185229
"2005","2022 Key run","Herring","M2","7",0.0622182569908524
"2006","2022 Key run","Herring","M2","7",0.0708396853620115
"2007","2022 Key run","Herring","M2","7",0.0690133242454102
"2008","2022 Key run","Herring","M2","7",0.0827022533846752
"2009","2022 Key run","Herring","M2","7",0.109641348554731
"2010","2022 Key run","Herring","M2","7",0.100644636504902
"2011","2022 Key run","Herring","M2","7",0.0962490960914772
"2012","2022 Key run","Herring","M2","7",0.0656764545827872
"2013","2022 Key run","Herring","M2","7",0.057190934257425
"2014","2022 Key run","Herring","M2","7",0.0570112660949646
"2015","2022 Key run","Herring","M2","7",0.0494891956556339
"2016","2022 Key run","Herring","M2","7",0.0548032541994916
"2017","2022 Key run","Herring","M2","7",0.0386625987491085
"2018","2022 Key run","Herring","M2","7",0.035107706273124
"2019","2022 Key run","Herring","M2","7",0.0331046105800491
"2020","2022 Key run","Herring","M2","7",0.0299785120182623
"2021","2022 Key run","Herring","M2","7",0.0387234826478374
"1974","2025 key run","Herring","M2","7",0.0998952368119706
"1975","2025 key run","Herring","M2","7",0.122183641862311
"1976","2025 key run","Herring","M2","7",0.111566553246697
"1977","2025 key run","Herring","M2","7",0.11966211742222
"1978","2025 key run","Herring","M2","7",0.156418003739777
"1979","2025 key run","Herring","M2","7",0.179601751332085
"1980","2025 key run","Herring","M2","7",0.2022906668685
"1981","2025 key run","Herring","M2","7",0.174818162792639
"1982","2025 key run","Herring","M2","7",0.178211332105487
"1983","2025 key run","Herring","M2","7",0.164789540064182
"1984","2025 key run","Herring","M2","7",0.147364916905238
"1985","2025 key run","Herring","M2","7",0.128112293244215
"1986","2025 key run","Herring","M2","7",0.110112482742488
"1987","2025 key run","Herring","M2","7",0.0900585224412864
"1988","2025 key run","Herring","M2","7",0.0952919205975218
"1989","2025 key run","Herring","M2","7",0.08708402435565
"1990","2025 key run","Herring","M2","7",0.0551303890621651
"1991","2025 key run","Herring","M2","7",0.0450197392712944
"1992","2025 key run","Herring","M2","7",0.0335019496123495
"1993","2025 key run","Herring","M2","7",0.0698654313433513
"1994","2025 key run","Herring","M2","7",0.0561534928345748
"1995","2025 key run","Herring","M2","7",0.0660996743719038
"1996","2025 key run","Herring","M2","7",0.060958695791407
"1997","2025 key run","Herring","M2","7",0.0516634841919814
"1998","2025 key run","Herring","M2","7",0.0445043188223333
"1999","2025 key run","Herring","M2","7",0.0488204041244911
"2000","2025 key run","Herring","M2","7",0.0782376179626525
"2001","2025 key run","Herring","M2","7",0.0870332154170031
"2002","2025 key run","Herring","M2","7",0.0819324391300604
"2003","2025 key run","Herring","M2","7",0.0590803558538093
"2004","2025 key run","Herring","M2","7",0.0534489407125796
"2005","2025 key run","Herring","M2","7",0.061550533359459
"2006","2025 key run","Herring","M2","7",0.0698278473007535
"2007","2025 key run","Herring","M2","7",0.0681182996073517
"2008","2025 key run","Herring","M2","7",0.0816074312189184
"2009","2025 key run","Herring","M2","7",0.108712626869811
"2010","2025 key run","Herring","M2","7",0.100213230497393
"2011","2025 key run","Herring","M2","7",0.0960130406567559
"2012","2025 key run","Herring","M2","7",0.0652811283463588
"2013","2025 key run","Herring","M2","7",0.0564513377037619
"2014","2025 key run","Herring","M2","7",0.0563421404907775
"2015","2025 key run","Herring","M2","7",0.0489177037317976
"2016","2025 key run","Herring","M2","7",0.0537941751578905
"2017","2025 key run","Herring","M2","7",0.0374424072193482
"2018","2025 key run","Herring","M2","7",0.0336696309185206
"2019","2025 key run","Herring","M2","7",0.0307974033990643
"2020","2025 key run","Herring","M2","7",0.0270948784694614
"2021","2025 key run","Herring","M2","7",0.0371067445581905
"2022","2025 key run","Herring","M2","7",0.046987422784289
"2023","2025 key run","Herring","M2","7",0.049149076888104
"2024","2025 key run","Herring","M2","7",0.0364345192380108
"1974","2022 Key run","Sprat","M2","7",0.24155730782447
"1975","2022 Key run","Sprat","M2","7",0.26945595714429
"1976","2022 Key run","Sprat","M2","7",0.212609441926162
"1977","2022 Key run","Sprat","M2","7",0.253450158132625
"1978","2022 Key run","Sprat","M2","7",0.414754846268719
"1979","2022 Key run","Sprat","M2","7",0.529623334061028
"1980","2022 Key run","Sprat","M2","7",0.530775062801274
"1981","2022 Key run","Sprat","M2","7",0.41845221955932
"1982","2022 Key run","Sprat","M2","7",0.474221967991966
"1983","2022 Key run","Sprat","M2","7",0.362042548877707
"1984","2022 Key run","Sprat","M2","7",0.293700099066834
"1985","2022 Key run","Sprat","M2","7",0.242000366749564
"1986","2022 Key run","Sprat","M2","7",0.209444612686791
"1987","2022 Key run","Sprat","M2","7",0.203550836104201
"1988","2022 Key run","Sprat","M2","7",0.200899710392902
"1989","2022 Key run","Sprat","M2","7",0.1542777306421
"1990","2022 Key run","Sprat","M2","7",0.0867876133002713
"1991","2022 Key run","Sprat","M2","7",0.0597212724349251
"1992","2022 Key run","Sprat","M2","7",0.0562227106738974
"1993","2022 Key run","Sprat","M2","7",0.0965041437734819
"1994","2022 Key run","Sprat","M2","7",0.0972171632476342
"1995","2022 Key run","Sprat","M2","7",0.0833830615830419
"1996","2022 Key run","Sprat","M2","7",0.0689968656772225
"1997","2022 Key run","Sprat","M2","7",0.0552068925839727
"1998","2022 Key run","Sprat","M2","7",0.0651911591284875
"1999","2022 Key run","Sprat","M2","7",0.0786801826005903
"2000","2022 Key run","Sprat","M2","7",0.0972711650488092
"2001","2022 Key run","Sprat","M2","7",0.116896668308636
"2002","2022 Key run","Sprat","M2","7",0.130018718779863
"2003","2022 Key run","Sprat","M2","7",0.108868082567869
"2004","2022 Key run","Sprat","M2","7",0.0887525920916176
"2005","2022 Key run","Sprat","M2","7",0.119031295844546
"2006","2022 Key run","Sprat","M2","7",0.135911796921065
"2007","2022 Key run","Sprat","M2","7",0.134669338815461
"2008","2022 Key run","Sprat","M2","7",0.149258714424257
"2009","2022 Key run","Sprat","M2","7",0.154241933996437
"2010","2022 Key run","Sprat","M2","7",0.184857859553479
"2011","2022 Key run","Sprat","M2","7",0.177632389855943
"2012","2022 Key run","Sprat","M2","7",0.145886204904845
"2013","2022 Key run","Sprat","M2","7",0.131474334453073
"2014","2022 Key run","Sprat","M2","7",0.139548970828578
"2015","2022 Key run","Sprat","M2","7",0.102420032097444
"2016","2022 Key run","Sprat","M2","7",0.0929464779731856
"2017","2022 Key run","Sprat","M2","7",0.0801530737670247
"2018","2022 Key run","Sprat","M2","7",0.0731839322276289
"2019","2022 Key run","Sprat","M2","7",0.0673251172815225
"2020","2022 Key run","Sprat","M2","7",0.0601917325841186
"2021","2022 Key run","Sprat","M2","7",0.0622847944307956
"1974","2025 key run","Sprat","M2","7",0.243514615902968
"1975","2025 key run","Sprat","M2","7",0.271623224645311
"1976","2025 key run","Sprat","M2","7",0.214498457095015
"1977","2025 key run","Sprat","M2","7",0.255058355412915
"1978","2025 key run","Sprat","M2","7",0.418036537655225
"1979","2025 key run","Sprat","M2","7",0.534808955943831
"1980","2025 key run","Sprat","M2","7",0.535201242227563
"1981","2025 key run","Sprat","M2","7",0.421984909432148
"1982","2025 key run","Sprat","M2","7",0.478350978563285
"1983","2025 key run","Sprat","M2","7",0.368460325379067
"1984","2025 key run","Sprat","M2","7",0.299958245708504
"1985","2025 key run","Sprat","M2","7",0.247193340598543
"1986","2025 key run","Sprat","M2","7",0.213960799577902
"1987","2025 key run","Sprat","M2","7",0.207612002964986
"1988","2025 key run","Sprat","M2","7",0.20563729978902
"1989","2025 key run","Sprat","M2","7",0.159227759015644
"1990","2025 key run","Sprat","M2","7",0.0900823120697941
"1991","2025 key run","Sprat","M2","7",0.0616355791756425
"1992","2025 key run","Sprat","M2","7",0.0577425296204664
"1993","2025 key run","Sprat","M2","7",0.0988060881182356
"1994","2025 key run","Sprat","M2","7",0.0994611726784372
"1995","2025 key run","Sprat","M2","7",0.0850239900842767
"1996","2025 key run","Sprat","M2","7",0.0698075743227328
"1997","2025 key run","Sprat","M2","7",0.0557121172833513
"1998","2025 key run","Sprat","M2","7",0.0653845269504822
"1999","2025 key run","Sprat","M2","7",0.078863893538591
"2000","2025 key run","Sprat","M2","7",0.0977967961275621
"2001","2025 key run","Sprat","M2","7",0.117483951414302
"2002","2025 key run","Sprat","M2","7",0.130590074689216
"2003","2025 key run","Sprat","M2","7",0.108595300984205
"2004","2025 key run","Sprat","M2","7",0.0879073254524585
"2005","2025 key run","Sprat","M2","7",0.117351521985523
"2006","2025 key run","Sprat","M2","7",0.13365907555721
"2007","2025 key run","Sprat","M2","7",0.132972540420033
"2008","2025 key run","Sprat","M2","7",0.147363408967863
"2009","2025 key run","Sprat","M2","7",0.153365901178083
"2010","2025 key run","Sprat","M2","7",0.183804728614071
"2011","2025 key run","Sprat","M2","7",0.176604315502026
"2012","2025 key run","Sprat","M2","7",0.144691829227284
"2013","2025 key run","Sprat","M2","7",0.130316967135725
"2014","2025 key run","Sprat","M2","7",0.138634177048149
"2015","2025 key run","Sprat","M2","7",0.101935981537325
"2016","2025 key run","Sprat","M2","7",0.0914538050348822
"2017","2025 key run","Sprat","M2","7",0.0776281886721638
"2018","2025 key run","Sprat","M2","7",0.0698222644234014
"2019","2025 key run","Sprat","M2","7",0.0625077160393705
"2020","2025 key run","Sprat","M2","7",0.0556942604991483
"2021","2025 key run","Sprat","M2","7",0.0654593902546519
"2022","2025 key run","Sprat","M2","7",0.0772925641478348
"2023","2025 key run","Sprat","M2","7",0.0859981335669825
"2024","2025 key run","Sprat","M2","7",0.0831361245906228
"1974","2022 Key run","Herring","M2","8",0.070921592942501
"1975","2022 Key run","Herring","M2","8",0.0878086387331887
"1976","2022 Key run","Herring","M2","8",0.0804689181968237
"1977","2022 Key run","Herring","M2","8",0.0870682532690971
"1978","2022 Key run","Herring","M2","8",0.126117812398065
"1979","2022 Key run","Herring","M2","8",0.130401218407257
"1980","2022 Key run","Herring","M2","8",0.167302605833261
"1981","2022 Key run","Herring","M2","8",0.136575263779861
"1982","2022 Key run","Herring","M2","8",0.125909130224467
"1983","2022 Key run","Herring","M2","8",0.133162711936334
"1984","2022 Key run","Herring","M2","8",0.119545704088006
"1985","2022 Key run","Herring","M2","8",0.103360024496437
"1986","2022 Key run","Herring","M2","8",0.0841516068393064
"1987","2022 Key run","Herring","M2","8",0.0707360067919842
"1988","2022 Key run","Herring","M2","8",0.0727391893414264
"1989","2022 Key run","Herring","M2","8",0.0649328992972425
"1990","2022 Key run","Herring","M2","8",0.0457483754505734
"1991","2022 Key run","Herring","M2","8",0.0342578134588106
"1992","2022 Key run","Herring","M2","8",0.02999433270976
"1993","2022 Key run","Herring","M2","8",0.0480116037892934
"1994","2022 Key run","Herring","M2","8",0.0539990185386895
"1995","2022 Key run","Herring","M2","8",0.0624613339514881
"1996","2022 Key run","Herring","M2","8",0.0494211941420981
"1997","2022 Key run","Herring","M2","8",0.0460267458515726
"1998","2022 Key run","Herring","M2","8",0.034643894529715
"1999","2022 Key run","Herring","M2","8",0.0383623133336143
"2000","2022 Key run","Herring","M2","8",0.0755576471139072
"2001","2022 Key run","Herring","M2","8",0.0822665181933871
"2002","2022 Key run","Herring","M2","8",0.0874220631349024
"2003","2022 Key run","Herring","M2","8",0.056198599042953
"2004","2022 Key run","Herring","M2","8",0.0465832772736946
"2005","2022 Key run","Herring","M2","8",0.0530920383053861
"2006","2022 Key run","Herring","M2","8",0.0617829564543223
"2007","2022 Key run","Herring","M2","8",0.0535072829698071
"2008","2022 Key run","Herring","M2","8",0.0714493314380482
"2009","2022 Key run","Herring","M2","8",0.0852732980411966
"2010","2022 Key run","Herring","M2","8",0.097297753627035
"2011","2022 Key run","Herring","M2","8",0.0960653751286245
"2012","2022 Key run","Herring","M2","8",0.0556303528909255
"2013","2022 Key run","Herring","M2","8",0.0503421842040356
"2014","2022 Key run","Herring","M2","8",0.0505202919676459
"2015","2022 Key run","Herring","M2","8",0.0454988964430387
"2016","2022 Key run","Herring","M2","8",0.0472915911279205
"2017","2022 Key run","Herring","M2","8",0.0346589807729946
"2018","2022 Key run","Herring","M2","8",0.0279391505861393
"2019","2022 Key run","Herring","M2","8",0.0291942349841505
"2020","2022 Key run","Herring","M2","8",0.0290200562076208
"2021","2022 Key run","Herring","M2","8",0.03225643262421
"1974","2025 key run","Herring","M2","8",0.0707420149476447
"1975","2025 key run","Herring","M2","8",0.0878490486664193
"1976","2025 key run","Herring","M2","8",0.0807987319655348
"1977","2025 key run","Herring","M2","8",0.0874312533879464
"1978","2025 key run","Herring","M2","8",0.126404644008248
"1979","2025 key run","Herring","M2","8",0.130594791990082
"1980","2025 key run","Herring","M2","8",0.167476633605811
"1981","2025 key run","Herring","M2","8",0.136883604172997
"1982","2025 key run","Herring","M2","8",0.126622890605602
"1983","2025 key run","Herring","M2","8",0.135113720103046
"1984","2025 key run","Herring","M2","8",0.121783681954882
"1985","2025 key run","Herring","M2","8",0.105544037371652
"1986","2025 key run","Herring","M2","8",0.0858257518082421
"1987","2025 key run","Herring","M2","8",0.0716486840008323
"1988","2025 key run","Herring","M2","8",0.0738167705763949
"1989","2025 key run","Herring","M2","8",0.0666273382352638
"1990","2025 key run","Herring","M2","8",0.0471884899273591
"1991","2025 key run","Herring","M2","8",0.0353145151675997
"1992","2025 key run","Herring","M2","8",0.030653153450469
"1993","2025 key run","Herring","M2","8",0.0488834584849289
"1994","2025 key run","Herring","M2","8",0.0548904577862824
"1995","2025 key run","Herring","M2","8",0.0634219194023884
"1996","2025 key run","Herring","M2","8",0.0498927406739531
"1997","2025 key run","Herring","M2","8",0.0462743213044255
"1998","2025 key run","Herring","M2","8",0.0346798294709649
"1999","2025 key run","Herring","M2","8",0.0381740118059066
"2000","2025 key run","Herring","M2","8",0.0758169962691014
"2001","2025 key run","Herring","M2","8",0.0828574699459682
"2002","2025 key run","Herring","M2","8",0.0882698661226706
"2003","2025 key run","Herring","M2","8",0.0565069817374052
"2004","2025 key run","Herring","M2","8",0.0464099162210965
"2005","2025 key run","Herring","M2","8",0.0525800546128375
"2006","2025 key run","Herring","M2","8",0.0609345840958101
"2007","2025 key run","Herring","M2","8",0.0528468224458096
"2008","2025 key run","Herring","M2","8",0.0705141284351164
"2009","2025 key run","Herring","M2","8",0.0845934102340079
"2010","2025 key run","Herring","M2","8",0.0968135796819148
"2011","2025 key run","Herring","M2","8",0.0957835746349671
"2012","2025 key run","Herring","M2","8",0.0553421188898311
"2013","2025 key run","Herring","M2","8",0.0497163500321844
"2014","2025 key run","Herring","M2","8",0.0499340600738347
"2015","2025 key run","Herring","M2","8",0.0450169066298948
"2016","2025 key run","Herring","M2","8",0.0464002591936024
"2017","2025 key run","Herring","M2","8",0.0335337372681407
"2018","2025 key run","Herring","M2","8",0.0267719822622087
"2019","2025 key run","Herring","M2","8",0.0271705375203987
"2020","2025 key run","Herring","M2","8",0.0262046160924658
"2021","2025 key run","Herring","M2","8",0.031484181833961
"2022","2025 key run","Herring","M2","8",0.0397693210635816
"2023","2025 key run","Herring","M2","8",0.0383293798036323
"2024","2025 key run","Herring","M2","8",0.0287863424836242
