# Derived from ices-eg/wg_WGSAM@f690d4ff Baltic-2025-keyRun/summary.out, quarter-1 rows for herring and sprat: stock numbers N (thousands), mean weight in the stock west (kg) and biomass BIO (tonnes) at age. Age 0 has N = 0 in quarter 1 (recruits enter later), so a BIO-weighted mean over ages is effectively ages 1+.
Year,Species,Age,N,west,BIO
1974,Herring,1,16190300.0,0.013813,223637.0
1974,Herring,2,14742000.0,0.03,442260.0
1974,Herring,3,8571730.0,0.048,411443.0
1974,Herring,4,8844430.0,0.06,530666.0
1974,Herring,5,3941830.0,0.065,256219.0
1974,Herring,6,1795890.0,0.066,118529.0
1974,Herring,7,1136550.0,0.072,81831.8
1974,Herring,8,3961820.0,0.1011,400540.0
1975,Herring,1,12478800.0,0.013682,170734.0
1975,Herring,2,10013700.0,0.03,300411.0
1975,Herring,3,9431020.0,0.048,452689.0
1975,Herring,4,5458450.0,0.06,327507.0
1975,Herring,5,5630160.0,0.065,365961.0
1975,Herring,6,2446890.0,0.066,161495.0
1975,Herring,7,1117220.0,0.072,80440.1
1975,Herring,8,3292900.0,0.10117,333143.0
1976,Herring,1,23090600.0,0.013543,312715.0
1976,Herring,2,7391720.0,0.03,221752.0
1976,Herring,3,6239020.0,0.048,299473.0
1976,Herring,4,5898480.0,0.06,353909.0
1976,Herring,5,3425380.0,0.065,222650.0
1976,Herring,6,3453080.0,0.066,227903.0
1976,Herring,7,1502010.0,0.072,108144.0
1976,Herring,8,2818120.0,0.09997,281728.0
1977,Herring,1,16698200.0,0.013394,223656.0
1977,Herring,2,14390500.0,0.03,431714.0
1977,Herring,3,4549910.0,0.048,218396.0
1977,Herring,4,3716260.0,0.06,222976.0
1977,Herring,5,3488170.0,0.065,226731.0
1977,Herring,6,1950040.0,0.066,128703.0
1977,Herring,7,1968590.0,0.072,141739.0
1977,Herring,8,2544090.0,0.10081,256470.0
1978,Herring,1,21558600.0,0.013235,285328.0
1978,Herring,2,10078900.0,0.033,332603.0
1978,Herring,3,9145600.0,0.048,438989.0
1978,Herring,4,2881840.0,0.06,172911.0
1978,Herring,5,2358340.0,0.071,167442.0
1978,Herring,6,2165080.0,0.073,158051.0
1978,Herring,7,1212900.0,0.08,97032.0
1978,Herring,8,2902850.0,0.09133,265118.0
1979,Herring,1,18870000.0,0.013065,246537.0
1979,Herring,2,10525000.0,0.043,452575.0
1979,Herring,3,6240170.0,0.059,368170.0
1979,Herring,4,5679690.0,0.069,391899.0
1979,Herring,5,1801710.0,0.076,136930.0
1979,Herring,6,1467910.0,0.076,111561.0
1979,Herring,7,1382800.0,0.1,138280.0
1979,Herring,8,2728650.0,0.1398,381465.0
1980,Herring,1,25814700.0,0.012882,332545.0
1980,Herring,2,7702480.0,0.041,315802.0
1980,Herring,3,6351280.0,0.052,330266.0
1980,Herring,4,3851100.0,0.061,234917.0
1980,Herring,5,3505150.0,0.061,213814.0
1980,Herring,6,1098740.0,0.075,82405.3
1980,Herring,7,902960.0,0.087,78557.6
1980,Herring,8,2705730.0,0.10112,273603.0
1981,Herring,1,36354000.0,0.012686,461187.0
1981,Herring,2,10256600.0,0.031,317955.0
1981,Herring,3,3955460.0,0.046,181951.0
1981,Herring,4,3386830.0,0.059,199823.0
1981,Herring,5,2105270.0,0.073,153685.0
1981,Herring,6,1830980.0,0.068,124506.0
1981,Herring,7,602348.0,0.091,54813.7
1981,Herring,8,2081400.0,0.1057,220004.0
1982,Herring,1,36409500.0,0.012477,454282.0
1982,Herring,2,15623300.0,0.036,562438.0
1982,Herring,3,5287910.0,0.057,301411.0
1982,Herring,4,2109940.0,0.075,158245.0
1982,Herring,5,1861620.0,0.087,161961.0
1982,Herring,6,1140280.0,0.09,102625.0
1982,Herring,7,991767.0,0.096,95209.7
1982,Herring,8,1548790.0,0.1121,173619.0
1983,Herring,1,25841100.0,0.012258,316761.0
1983,Herring,2,15382000.0,0.028,430697.0
1983,Herring,3,8245380.0,0.051,420514.0
1983,Herring,4,2826900.0,0.062,175268.0
1983,Herring,5,1173430.0,0.075,88007.4
1983,Herring,6,1024460.0,0.087,89128.2
1983,Herring,7,639485.0,0.09,57553.6
1983,Herring,8,1475930.0,0.11209,165437.0
1984,Herring,1,30587600.0,0.012032,368030.0
1984,Herring,2,11663200.0,0.026,303243.0
1984,Herring,3,7261920.0,0.04,290477.0
1984,Herring,4,4136110.0,0.059,244030.0
1984,Herring,5,1409840.0,0.063,88819.8
1984,Herring,6,575075.0,0.075,43130.7
1984,Herring,7,517240.0,0.089,46034.4
1984,Herring,8,1109190.0,0.10218,113337.0
1985,Herring,1,22526800.0,0.011801,265839.0
1985,Herring,2,15311900.0,0.029,444044.0
1985,Herring,3,5860950.0,0.051,298909.0
1985,Herring,4,3700250.0,0.06,222015.0
1985,Herring,5,2199270.0,0.074,162746.0
1985,Herring,6,707740.0,0.082,58034.7
1985,Herring,7,296945.0,0.079,23458.7
1985,Herring,8,877396.0,0.09895,86818.3
1986,Herring,1,12164400.0,0.011569,140730.0
1986,Herring,2,12390700.0,0.023,284986.0
1986,Herring,3,8180220.0,0.029,237226.0
1986,Herring,4,3188810.0,0.043,137119.0
1986,Herring,5,2063800.0,0.051,105254.0
1986,Herring,6,1200100.0,0.062,74406.2
1986,Herring,7,389102.0,0.069,26848.0
1986,Herring,8,665957.0,0.08982,59816.3
1987,Herring,1,25183100.0,0.011314,284922.0
1987,Herring,2,6987910.0,0.034,237589.0
1987,Herring,3,6975490.0,0.047,327848.0
1987,Herring,4,4387840.0,0.056,245719.0
1987,Herring,5,1783100.0,0.069,123034.0
1987,Herring,6,1114880.0,0.078,86961.0
1987,Herring,7,660533.0,0.086,56805.8
1987,Herring,8,597443.0,0.09877,59009.4
1988,Herring,1,9543620.0,0.011023,105199.0
1988,Herring,2,14564200.0,0.022,320412.0
1988,Herring,3,4379650.0,0.039,170806.0
1988,Herring,4,4249410.0,0.038,161478.0
1988,Herring,5,2656980.0,0.049,130192.0
1988,Herring,6,1070770.0,0.058,62104.4
1988,Herring,7,680491.0,0.069,46953.9
1988,Herring,8,783748.0,0.08819,69118.8
1989,Herring,1,13473800.0,0.010711,144317.0
1989,Herring,2,5410540.0,0.024,129853.0
1989,Herring,3,8319790.0,0.025,207995.0
1989,Herring,4,2540180.0,0.034,86366.0
1989,Herring,5,2427750.0,0.045,109249.0
1989,Herring,6,1464690.0,0.05,73234.3
1989,Herring,7,604489.0,0.06,36269.3
1989,Herring,8,851201.0,0.08249,70215.6
1990,Herring,1,16908800.0,0.010392,175716.0
1990,Herring,2,8095980.0,0.026,210495.0
1990,Herring,3,3397590.0,0.035,118916.0
1990,Herring,4,4673130.0,0.034,158886.0
1990,Herring,5,1381480.0,0.052,71837.0
1990,Herring,6,1212610.0,0.066,80032.1
1990,Herring,7,739922.0,0.069,51054.6
1990,Herring,8,757422.0,0.08675,65706.4
1991,Herring,1,14471800.0,0.010078,145847.0
1991,Herring,2,11516000.0,0.02,230320.0
1991,Herring,3,5370360.0,0.031,166481.0
1991,Herring,4,2029840.0,0.04,81193.7
1991,Herring,5,2528840.0,0.034,85980.5
1991,Herring,6,675273.0,0.054,36464.7
1991,Herring,7,596691.0,0.048,28641.2
1991,Herring,8,744533.0,0.0608,45267.6
1992,Herring,1,18434800.0,0.009784,180366.0
1992,Herring,2,10556500.0,0.017,179460.0
1992,Herring,3,7930800.0,0.024,190339.0
1992,Herring,4,3389020.0,0.04,135561.0
1992,Herring,5,1198350.0,0.053,63512.3
1992,Herring,6,1317040.0,0.04,52681.5
1992,Herring,7,358178.0,0.063,22565.2
1992,Herring,8,712820.0,0.06232,44422.9
1993,Herring,1,17790600.0,0.009524,169438.0
1993,Herring,2,13609500.0,0.018,244972.0
1993,Herring,3,7572400.0,0.027,204455.0
1993,Herring,4,5336200.0,0.03,160086.0
1993,Herring,5,2193490.0,0.039,85546.3
1993,Herring,6,716346.0,0.047,33668.2
1993,Herring,7,780342.0,0.037,28872.6
1993,Herring,8,643587.0,0.05102,32835.8
1994,Herring,1,15208400.0,0.009285,141210.0
1994,Herring,2,12250600.0,0.017,208261.0
1994,Herring,3,9068980.0,0.024,217656.0
1994,Herring,4,4746360.0,0.036,170869.0
1994,Herring,5,3163900.0,0.044,139212.0
1994,Herring,6,1196500.0,0.057,68200.7
1994,Herring,7,394851.0,0.066,26060.2
1994,Herring,8,786617.0,0.06634,52184.2
1995,Herring,1,20583300.0,0.009049,186258.0
1995,Herring,2,10323200.0,0.017,175494.0
1995,Herring,3,7994240.0,0.02,159885.0
1995,Herring,4,5467860.0,0.027,147632.0
1995,Herring,5,2720010.0,0.031,84320.3
1995,Herring,6,1638600.0,0.034,55712.3
1995,Herring,7,627201.0,0.042,26342.5
1995,Herring,8,628816.0,0.04157,26139.9
1996,Herring,1,17715900.0,0.008826,156361.0
1996,Herring,2,14404000.0,0.019,273676.0
1996,Herring,3,6806780.0,0.024,163363.0
1996,Herring,4,4773740.0,0.027,128891.0
1996,Herring,5,3051750.0,0.032,97656.0
1996,Herring,6,1363410.0,0.036,49082.8
1996,Herring,7,825515.0,0.038,31369.6
1996,Herring,8,641420.0,0.0474,30403.3
1997,Herring,1,8811170.0,0.008621,75961.1
1997,Herring,2,12828300.0,0.012,153939.0
1997,Herring,3,9654380.0,0.018,173779.0
1997,Herring,4,4147650.0,0.021,87100.7
1997,Herring,5,2696430.0,0.028,75500.1
1997,Herring,6,1542440.0,0.028,43188.4
1997,Herring,7,694716.0,0.031,21536.2
1997,Herring,8,755355.0,0.03736,28220.1
1998,Herring,1,14236100.0,0.008442,120181.0
1998,Herring,2,6457980.0,0.0163,105265.0
1998,Herring,3,8554830.0,0.0194,165964.0
1998,Herring,4,5749600.0,0.0264,151789.0
1998,Herring,5,2265170.0,0.0322,72938.5
1998,Herring,6,1300550.0,0.0325,42268.0
1998,Herring,7,747948.0,0.033,24682.3
1998,Herring,8,707415.0,0.0347,24547.3
1999,Herring,1,8028850.0,0.008297,66615.3
1999,Herring,2,10274000.0,0.0134,137671.0
1999,Herring,3,4249310.0,0.0205,87110.9
1999,Herring,4,4943870.0,0.023,113709.0
1999,Herring,5,3034790.0,0.0264,80118.5
1999,Herring,6,1041400.0,0.0324,33741.5
1999,Herring,7,601818.0,0.0331,19920.2
1999,Herring,8,678108.0,0.03811,25842.7
2000,Herring,1,13006900.0,0.008203,106696.0
2000,Herring,2,5740690.0,0.019889,114177.0
2000,Herring,3,6918100.0,0.023074,159628.0
2000,Herring,4,2596550.0,0.026829,69662.8
2000,Herring,5,2796060.0,0.028637,80070.8
2000,Herring,6,1540070.0,0.033745,51969.6
2000,Herring,7,533946.0,0.036134,19293.6
2000,Herring,8,661689.0,0.03827,25322.8
2001,Herring,1,10079100.0,0.008157,82215.6
2001,Herring,2,8409400.0,0.020008,168255.0
2001,Herring,3,3600370.0,0.029881,107583.0
2001,Herring,4,3807600.0,0.031453,119760.0
2001,Herring,5,1299640.0,0.034375,44675.0
2001,Herring,6,1219250.0,0.039892,48638.4
2001,Herring,7,681313.0,0.038713,26375.7
2001,Herring,8,534236.0,0.042681,22801.7
2002,Herring,1,9648500.0,0.008143,78567.8
2002,Herring,2,6201160.0,0.016509,102375.0
2002,Herring,3,4877170.0,0.024866,121276.0
2002,Herring,4,1792780.0,0.031405,56302.4
2002,Herring,5,1664510.0,0.032767,54541.1
2002,Herring,6,477415.0,0.038846,18545.7
2002,Herring,7,451269.0,0.043746,19741.2
2002,Herring,8,452135.0,0.036023,16287.3
2003,Herring,1,20382400.0,0.008141,165933.0
2003,Herring,2,6129200.0,0.029625,181578.0
2003,Herring,3,3894030.0,0.037681,146731.0
2003,Herring,4,2801260.0,0.039184,109764.0
2003,Herring,5,961799.0,0.044385,42689.4
2003,Herring,6,792006.0,0.047068,37278.1
2003,Herring,7,229494.0,0.052746,12104.9
2003,Herring,8,436597.0,0.052269,22820.5
2004,Herring,1,11250900.0,0.008134,91515.0
2004,Herring,2,13867000.0,0.012017,166640.0
2004,Herring,3,4254380.0,0.023345,99318.6
2004,Herring,4,2499230.0,0.02818,70428.4
2004,Herring,5,1694010.0,0.035962,60920.1
2004,Herring,6,529939.0,0.040335,21375.1
2004,Herring,7,439761.0,0.047665,20961.2
2004,Herring,8,373354.0,0.055464,20707.7
2005,Herring,1,7821280.0,0.008103,63375.8
2005,Herring,2,7988860.0,0.012171,97232.5
2005,Herring,3,9420450.0,0.015576,146733.0
2005,Herring,4,2829920.0,0.027678,78326.5
2005,Herring,5,1588320.0,0.035274,56026.4
2005,Herring,6,1008950.0,0.040531,40893.7
2005,Herring,7,317452.0,0.05025,15952.0
2005,Herring,8,491656.0,0.056754,27903.4
2006,Herring,1,13651200.0,0.008029,109605.0
2006,Herring,2,5293050.0,0.025644,135735.0
2006,Herring,3,5371140.0,0.022505,120878.0
2006,Herring,4,6208140.0,0.025274,156904.0
2006,Herring,5,1831850.0,0.031691,58053.2
2006,Herring,6,953047.0,0.04104,39113.1
2006,Herring,7,614773.0,0.046666,28689.0
2006,Herring,8,499936.0,0.052804,26398.6
2007,Herring,1,10933500.0,0.007915,86538.8
2007,Herring,2,8920790.0,0.017324,154544.0
2007,Herring,3,3675730.0,0.024824,91246.2
2007,Herring,4,3552280.0,0.026116,92771.4
2007,Herring,5,3898120.0,0.031895,124330.0
2007,Herring,6,1062660.0,0.046699,49625.2
2007,Herring,7,568934.0,0.051189,29123.2
2007,Herring,8,674577.0,0.065891,44448.6
2008,Herring,1,20375500.0,0.007783,158583.0
2008,Herring,2,7088980.0,0.020358,144317.0
2008,Herring,3,6116130.0,0.025823,157937.0
2008,Herring,4,2460570.0,0.031064,76435.3
2008,Herring,5,2276960.0,0.036096,82189.1
2008,Herring,6,2289870.0,0.033484,76674.1
2008,Herring,7,642474.0,0.048378,31081.6
2008,Herring,8,767010.0,0.053881,41327.3
2009,Herring,1,14400700.0,0.007644,110079.0
2009,Herring,2,12825000.0,0.018276,234390.0
2009,Herring,3,4806050.0,0.026411,126933.0
2009,Herring,4,4015810.0,0.031036,124635.0
2009,Herring,5,1540050.0,0.035014,53923.3
2009,Herring,6,1312510.0,0.039961,52449.4
2009,Herring,7,1309230.0,0.03529,46202.7
2009,Herring,8,831976.0,0.047122,39204.4
2010,Herring,1,11075800.0,0.007509,83168.2
2010,Herring,2,8886020.0,0.017415,154750.0
2010,Herring,3,8403750.0,0.025304,212648.0
2010,Herring,4,3123800.0,0.032283,100846.0
2010,Herring,5,2449860.0,0.032779,80303.8
2010,Herring,6,861717.0,0.038503,33178.7
2010,Herring,7,747051.0,0.044198,33018.2
2010,Herring,8,1211880.0,0.047608,57695.2
2011,Herring,1,6823680.0,0.007391,50433.8
2011,Herring,2,6511130.0,0.022849,148773.0
2011,Herring,3,5553080.0,0.023908,132763.0
2011,Herring,4,5259490.0,0.029842,156954.0
2011,Herring,5,1878020.0,0.036812,69133.7
2011,Herring,6,1315390.0,0.037815,49741.4
2011,Herring,7,471378.0,0.045786,21582.5
2011,Herring,8,1089650.0,0.049288,53706.6
2012,Herring,1,13852500.0,0.007301,101137.0
2012,Herring,2,4017720.0,0.02383,95742.3
2012,Herring,3,4281580.0,0.02283,97748.4
2012,Herring,4,3559830.0,0.030325,107952.0
2012,Herring,5,3288050.0,0.037671,123864.0
2012,Herring,6,1085960.0,0.042641,46306.3
2012,Herring,7,765409.0,0.050166,38397.5
2012,Herring,8,924348.0,0.05518,51005.5
2013,Herring,1,15272000.0,0.007233,110462.0
2013,Herring,2,8721460.0,0.019196,167417.0
2013,Herring,3,2927060.0,0.034136,99918.0
2013,Herring,4,2985810.0,0.031293,93435.1
2013,Herring,5,2444230.0,0.036935,90277.5
2013,Herring,6,2150800.0,0.044871,96508.5
2013,Herring,7,716900.0,0.048692,34907.3
2013,Herring,8,1134110.0,0.054257,61533.4
2014,Herring,1,11204500.0,0.007172,80358.4
2014,Herring,2,9854200.0,0.017062,168132.0
2014,Herring,3,6277510.0,0.028279,177522.0
2014,Herring,4,2159620.0,0.037169,80271.0
2014,Herring,5,2100020.0,0.032713,68698.0
2014,Herring,6,1646120.0,0.042687,70268.1
2014,Herring,7,1469200.0,0.045805,67296.5
2014,Herring,8,1277320.0,0.051042,65197.2
2015,Herring,1,27354500.0,0.007118,194710.0
2015,Herring,2,7157140.0,0.017721,126832.0
2015,Herring,3,6943450.0,0.02658,184557.0
2015,Herring,4,4471700.0,0.031916,142719.0
2015,Herring,5,1509240.0,0.03904,58920.8
2015,Herring,6,1344840.0,0.041032,55181.6
2015,Herring,7,1075670.0,0.050201,53999.9
2015,Herring,8,1811460.0,0.050355,91216.0
2016,Herring,1,11679300.0,0.007071,82584.0
2016,Herring,2,18435300.0,0.009844,181477.0
2016,Herring,3,5041270.0,0.023437,118152.0
2016,Herring,4,4731920.0,0.026848,127043.0
2016,Herring,5,2879540.0,0.031615,91036.6
2016,Herring,6,876897.0,0.03568,31287.7
2016,Herring,7,782058.0,0.037771,29539.1
2016,Herring,8,1699610.0,0.043694,74262.8
2017,Herring,1,10331900.0,0.007031,72643.4
2017,Herring,2,7916780.0,0.013962,110534.0
2017,Herring,3,11848200.0,0.017543,207853.0
2017,Herring,4,3254370.0,0.027854,90647.1
2017,Herring,5,2802020.0,0.031414,88022.6
2017,Herring,6,1480160.0,0.037183,55036.9
2017,Herring,7,455023.0,0.044304,20159.3
2017,Herring,8,1299870.0,0.050491,65631.8
2018,Herring,1,10406600.0,0.006997,72815.1
2018,Herring,2,7227720.0,0.016262,117537.0
2018,Herring,3,5366500.0,0.026174,140463.0
2018,Herring,4,7517400.0,0.026626,200158.0
2018,Herring,5,1923420.0,0.035036,67388.9
2018,Herring,6,1418070.0,0.040006,56731.3
2018,Herring,7,755569.0,0.043796,33090.9
2018,Herring,8,905750.0,0.054797,49632.4
2019,Herring,1,8590750.0,0.00697,59877.6
2019,Herring,2,7354780.0,0.01742,128120.0
2019,Herring,3,4881460.0,0.022196,108349.0
2019,Herring,4,3405330.0,0.028604,97405.9
2019,Herring,5,4247210.0,0.029287,124388.0
2019,Herring,6,923127.0,0.038635,35665.0
2019,Herring,7,681461.0,0.044343,30218.0
2019,Herring,8,802965.0,0.04773,38325.5
2020,Herring,1,11397700.0,0.00695,79213.7
2020,Herring,2,6127810.0,0.016934,103768.0
2020,Herring,3,5038970.0,0.02341,117962.0
2020,Herring,4,3086420.0,0.027458,84746.9
2020,Herring,5,1944760.0,0.033122,64414.4
2020,Herring,6,2020680.0,0.032151,64966.8
2020,Herring,7,445055.0,0.045283,20153.4
2020,Herring,8,719122.0,0.048381,34791.8
2021,Herring,1,15121600.0,0.006937,104898.0
2021,Herring,2,8320660.0,0.015947,132690.0
2021,Herring,3,4284560.0,0.0205,87833.6
2021,Herring,4,3298300.0,0.027358,90235.0
2021,Herring,5,1825520.0,0.029637,54103.0
2021,Herring,6,982220.0,0.032278,31704.1
2021,Herring,7,1019690.0,0.033248,33902.8
2021,Herring,8,594536.0,0.044551,26487.2
2022,Herring,1,7781040.0,0.006931,53930.4
2022,Herring,2,11198300.0,0.015947,178579.0
2022,Herring,3,6014530.0,0.0205,123298.0
2022,Herring,4,2932730.0,0.027358,80233.5
2022,Herring,5,2100870.0,0.029637,62263.5
2022,Herring,6,1023040.0,0.032278,33021.7
2022,Herring,7,554719.0,0.033248,18443.3
2022,Herring,8,915126.0,0.044551,40769.8
2023,Herring,1,8997480.0,0.006932,62370.5
2023,Herring,2,5610360.0,0.016838,94467.2
2023,Herring,3,7988840.0,0.024305,194169.0
2023,Herring,4,4085480.0,0.02901,118520.0
2023,Herring,5,1866970.0,0.032684,61020.2
2023,Herring,6,1183990.0,0.032137,38050.0
2023,Herring,7,581855.0,0.036637,21317.4
2023,Herring,8,841417.0,0.047432,39910.1
2024,Herring,1,16590900.0,0.00694,115141.0
2024,Herring,2,6566950.0,0.021642,142122.0
2024,Herring,3,4247160.0,0.026039,110592.0
2024,Herring,4,6027220.0,0.032138,193703.0
2024,Herring,5,2988500.0,0.041568,124226.0
2024,Herring,6,1294490.0,0.045421,58796.9
2024,Herring,7,820622.0,0.048623,39901.1
2024,Herring,8,999667.0,0.066924,66901.7
2025,Herring,1,17565300.0,0.00694,121903.0
2025,Herring,2,12187400.0,0.021642,263761.0
2025,Herring,3,5154650.0,0.026039,134222.0
2025,Herring,4,3254880.0,0.032138,104605.0
2025,Herring,5,4490730.0,0.041568,186671.0
2025,Herring,6,2121020.0,0.045421,96338.9
2025,Herring,7,921993.0,0.048623,44830.1
2025,Herring,8,1304230.0,0.066924,87284.4
1974,Sprat,1,94573000.0,0.003861,365146.0
1974,Sprat,2,76288500.0,0.01,762885.0
1974,Sprat,3,27732500.0,0.012,332790.0
1974,Sprat,4,13689400.0,0.014,191652.0
1974,Sprat,5,6422430.0,0.014,89914.0
1974,Sprat,6,4024790.0,0.015,60371.8
1974,Sprat,7,2423510.0,0.014,33929.2
1975,Sprat,1,27940300.0,0.003946,110252.0
1975,Sprat,2,43036300.0,0.01,430363.0
1975,Sprat,3,37474300.0,0.012,449691.0
1975,Sprat,4,13424100.0,0.014,187937.0
1975,Sprat,5,6750520.0,0.014,94507.3
1975,Sprat,6,3167020.0,0.015,47505.3
1975,Sprat,7,2011090.0,0.014,28155.2
1976,Sprat,1,238684000.0,0.004025,960702.0
1976,Sprat,2,12622500.0,0.01,126225.0
1976,Sprat,3,20676800.0,0.012,248122.0
1976,Sprat,4,17687100.0,0.014,247620.0
1976,Sprat,5,6459820.0,0.014,90437.4
1976,Sprat,6,3248430.0,0.015,48726.5
1976,Sprat,7,1546480.0,0.014,21650.7
1977,Sprat,1,71818600.0,0.004096,294169.0
1977,Sprat,2,125145000.0,0.01,1251450.0
1977,Sprat,3,6920840.0,0.012,83050.0
1977,Sprat,4,11246400.0,0.014,157450.0
1977,Sprat,5,9749840.0,0.014,136498.0
1977,Sprat,6,3560900.0,0.015,53413.5
1977,Sprat,7,1807660.0,0.014,25307.2
1978,Sprat,1,31451500.0,0.004161,130870.0
1978,Sprat,2,30971700.0,0.01,309717.0
1978,Sprat,3,61836300.0,0.012,742036.0
1978,Sprat,4,3497580.0,0.015,52463.7
1978,Sprat,5,5771670.0,0.015,86575.1
1978,Sprat,6,5003620.0,0.016,80057.9
1978,Sprat,7,1850180.0,0.014,25902.5
1979,Sprat,1,71021200.0,0.004219,299639.0
1979,Sprat,2,9739030.0,0.011,107129.0
1979,Sprat,3,13011700.0,0.013,169152.0
1979,Sprat,4,26659000.0,0.014,373227.0
1979,Sprat,5,1626900.0,0.016,26030.3
1979,Sprat,6,2713100.0,0.016,43409.5
1979,Sprat,7,2375080.0,0.015,35626.1
1980,Sprat,1,44236800.0,0.004269,188847.0
1980,Sprat,2,19681400.0,0.01,196814.0
1980,Sprat,3,3894670.0,0.014,54525.4
1980,Sprat,4,5370030.0,0.015,80550.5
1980,Sprat,5,10922100.0,0.015,163832.0
1980,Sprat,6,705506.0,0.017,11993.6
1980,Sprat,7,1171900.0,0.016,18750.5
1981,Sprat,1,133050000.0,0.004311,573579.0
1981,Sprat,2,12347700.0,0.014,172868.0
1981,Sprat,3,7430160.0,0.015,111452.0
1981,Sprat,4,1600760.0,0.016,25612.1
1981,Sprat,5,2235240.0,0.016,35763.9
1981,Sprat,6,4499490.0,0.015,67492.4
1981,Sprat,7,301902.0,0.017,5132.34
1982,Sprat,1,69015100.0,0.004345,299871.0
1982,Sprat,2,42648400.0,0.01,426484.0
1982,Sprat,3,5650200.0,0.014,79102.8
1982,Sprat,4,3438790.0,0.016,55020.6
1982,Sprat,5,767180.0,0.017,13042.1
1982,Sprat,6,1068250.0,0.017,18160.3
1982,Sprat,7,2092940.0,0.016,33487.0
1983,Sprat,1,205529000.0,0.004371,898367.0
1983,Sprat,2,22239000.0,0.01,222390.0
1983,Sprat,3,18720300.0,0.013,243364.0
1983,Sprat,4,2626460.0,0.015,39396.9
1983,Sprat,5,1626120.0,0.016,26018.0
1983,Sprat,6,372720.0,0.017,6336.25
1983,Sprat,7,504406.0,0.017,8574.91
1984,Sprat,1,92037200.0,0.004391,404135.0
1984,Sprat,2,85687700.0,0.009,771189.0
1984,Sprat,3,10904700.0,0.013,141762.0
1984,Sprat,4,9671990.0,0.015,145080.0
1984,Sprat,5,1380150.0,0.016,22082.5
1984,Sprat,6,866425.0,0.017,14729.2
1984,Sprat,7,201046.0,0.017,3417.77
1985,Sprat,1,75917600.0,0.004404,334341.0
1985,Sprat,2,44342800.0,0.009,399085.0
1985,Sprat,3,45855300.0,0.012,550263.0
1985,Sprat,4,6191730.0,0.014,86684.3
1985,Sprat,5,5514810.0,0.016,88237.0
1985,Sprat,6,799740.0,0.017,13595.6
1985,Sprat,7,505061.0,0.017,8586.04
1986,Sprat,1,27849800.0,0.004412,122873.0
1986,Sprat,2,39793400.0,0.01,397934.0
1986,Sprat,3,25455700.0,0.012,305468.0
1986,Sprat,4,26798100.0,0.014,375174.0
1986,Sprat,5,3665260.0,0.015,54978.9
1986,Sprat,6,3324410.0,0.016,53190.6
1986,Sprat,7,489808.0,0.017,8326.73
1987,Sprat,1,56583000.0,0.004413,249701.0
1987,Sprat,2,14323500.0,0.012,171882.0
1987,Sprat,3,23244600.0,0.014,325424.0
1987,Sprat,4,14911500.0,0.016,238583.0
1987,Sprat,5,16087800.0,0.016,257404.0
1987,Sprat,6,2232870.0,0.017,37958.8
1987,Sprat,7,2037970.0,0.018,36683.5
1988,Sprat,1,18923200.0,0.004406,83375.5
1988,Sprat,2,28942400.0,0.01,289424.0
1988,Sprat,3,8399130.0,0.011,92390.4
1988,Sprat,4,13968500.0,0.013,181590.0
1988,Sprat,5,9102870.0,0.015,136543.0
1988,Sprat,6,9867380.0,0.015,148011.0
1988,Sprat,7,1370460.0,0.016,21927.4
1989,Sprat,1,60706400.0,0.004393,266683.0
1989,Sprat,2,9974390.0,0.011,109718.0
1989,Sprat,3,17122100.0,0.014,239709.0
1989,Sprat,4,4939060.0,0.014,69146.8
1989,Sprat,5,8457160.0,0.016,135315.0
1989,Sprat,6,5597030.0,0.017,95149.5
1989,Sprat,7,6087150.0,0.018,109569.0
1990,Sprat,1,68590800.0,0.004373,299948.0
1990,Sprat,2,35765300.0,0.013,464949.0
1990,Sprat,3,6355280.0,0.014,88973.9
1990,Sprat,4,11014100.0,0.016,176225.0
1990,Sprat,5,3188720.0,0.017,54208.3
1990,Sprat,6,5509040.0,0.017,93653.7
1990,Sprat,7,3657070.0,0.019,69484.4
1991,Sprat,1,73351400.0,0.004348,318932.0
1991,Sprat,2,46823700.0,0.013,608708.0
1991,Sprat,3,25292800.0,0.015,379391.0
1991,Sprat,4,4439350.0,0.016,71029.7
1991,Sprat,5,7732590.0,0.017,131454.0
1991,Sprat,6,2251990.0,0.018,40535.9
1991,Sprat,7,3884420.0,0.018,69919.6
1992,Sprat,1,109464000.0,0.004318,472667.0
1992,Sprat,2,52236700.0,0.012,626841.0
1992,Sprat,3,34381100.0,0.015,515717.0
1992,Sprat,4,18319700.0,0.015,274796.0
1992,Sprat,5,3225070.0,0.017,54826.3
1992,Sprat,6,5629260.0,0.018,101327.0
1992,Sprat,7,1641700.0,0.018,29550.6
1993,Sprat,1,109175000.0,0.004284,467706.0
1993,Sprat,2,75705900.0,0.009,681353.0
1993,Sprat,3,35798800.0,0.012,429585.0
1993,Sprat,4,22788000.0,0.012,273456.0
1993,Sprat,5,12135600.0,0.012,145627.0
1993,Sprat,6,2143980.0,0.014,30015.7
1993,Sprat,7,3747560.0,0.015,56213.5
1994,Sprat,1,65459600.0,0.004233,277091.0
1994,Sprat,2,73451400.0,0.009,661062.0
1994,Sprat,3,50444500.0,0.012,605334.0
1994,Sprat,4,23491300.0,0.014,328878.0
1994,Sprat,5,15066400.0,0.015,225997.0
1994,Sprat,6,8054290.0,0.015,120814.0
1994,Sprat,7,1428030.0,0.016,22848.4
1995,Sprat,1,255667000.0,0.004158,1063060.0
1995,Sprat,2,43766500.0,0.011,481431.0
1995,Sprat,3,47144100.0,0.011,518585.0
1995,Sprat,4,31269500.0,0.013,406503.0
1995,Sprat,5,14670000.0,0.014,205380.0
1995,Sprat,6,9429240.0,0.014,132009.0
1995,Sprat,7,5061580.0,0.014,70862.1
1996,Sprat,1,184727000.0,0.00407,751838.0
1996,Sprat,2,178117000.0,0.007,1246820.0
1996,Sprat,3,28549000.0,0.01,285490.0
1996,Sprat,4,29032700.0,0.011,319360.0
1996,Sprat,5,19299400.0,0.013,250892.0
1996,Sprat,6,9090690.0,0.014,127270.0
1996,Sprat,7,5853330.0,0.013,76093.3
1997,Sprat,1,63699100.0,0.003979,253459.0
1997,Sprat,2,131817000.0,0.007,922720.0
1997,Sprat,3,114546000.0,0.008,916369.0
1997,Sprat,4,17336200.0,0.01,173362.0
1997,Sprat,5,17555400.0,0.012,210665.0
1997,Sprat,6,11732100.0,0.013,152517.0
1997,Sprat,7,5533680.0,0.013,71937.9
1998,Sprat,1,186363000.0,0.003896,726069.0
1998,Sprat,2,45521400.0,0.00749,340955.0
1998,Sprat,3,83949900.0,0.008391,704423.0
1998,Sprat,4,67567200.0,0.009093,614388.0
1998,Sprat,5,10240500.0,0.010769,110280.0
1998,Sprat,6,10438300.0,0.010898,113757.0
1998,Sprat,7,6979950.0,0.011561,80695.2
1999,Sprat,1,55103000.0,0.003831,211100.0
1999,Sprat,2,131271000.0,0.007196,944629.0
1999,Sprat,3,28199100.0,0.008543,240905.0
1999,Sprat,4,47670200.0,0.008895,424027.0
1999,Sprat,5,38183100.0,0.009179,350483.0
1999,Sprat,6,5830990.0,0.010829,63143.8
1999,Sprat,7,5954330.0,0.011127,66253.9
2000,Sprat,1,112949000.0,0.003783,427286.0
2000,Sprat,2,37871000.0,0.009136,345990.0
2000,Sprat,3,81545700.0,0.009448,770444.0
2000,Sprat,4,16319900.0,0.010469,170853.0
2000,Sprat,5,27383400.0,0.011028,301985.0
2000,Sprat,6,21961900.0,0.011427,250958.0
2000,Sprat,7,3376880.0,0.012931,43666.4
2001,Sprat,1,58944700.0,0.003742,220571.0
2001,Sprat,2,71353500.0,0.008833,630265.0
2001,Sprat,3,22948900.0,0.011024,252989.0
2001,Sprat,4,46758700.0,0.010221,477921.0
2001,Sprat,5,9227020.0,0.010865,100252.0
2001,Sprat,6,15543700.0,0.010474,162805.0
2001,Sprat,7,12499800.0,0.010557,131960.0
2002,Sprat,1,70050800.0,0.003706,259608.0
2002,Sprat,2,37154500.0,0.009184,341227.0
2002,Sprat,3,43723900.0,0.009905,433085.0
2002,Sprat,4,13626500.0,0.010971,149496.0
2002,Sprat,5,27288500.0,0.010673,291251.0
2002,Sprat,6,5417350.0,0.010636,57618.9
2002,Sprat,7,9103340.0,0.0106,96495.4
2003,Sprat,1,170419000.0,0.003676,626460.0
2003,Sprat,2,42450700.0,0.009927,421408.0
2003,Sprat,3,21313200.0,0.010792,230012.0
2003,Sprat,4,23676100.0,0.010917,258472.0
2003,Sprat,5,7261860.0,0.011415,82894.1
2003,Sprat,6,14552800.0,0.011165,162482.0
2003,Sprat,7,2890210.0,0.010718,30977.3
2004,Sprat,1,296226000.0,0.003649,1080930.0
2004,Sprat,2,106997000.0,0.00742,793919.0
2004,Sprat,3,24795000.0,0.010822,268331.0
2004,Sprat,4,11739000.0,0.011193,131395.0
2004,Sprat,5,12743200.0,0.011257,143450.0
2004,Sprat,6,3928530.0,0.011431,44907.0
2004,Sprat,7,7845140.0,0.011335,88924.6
2005,Sprat,1,59638300.0,0.003625,216189.0
2005,Sprat,2,188740000.0,0.006276,1184530.0
2005,Sprat,3,61437200.0,0.00768,471837.0
2005,Sprat,4,13523900.0,0.010621,143637.0
2005,Sprat,5,6286530.0,0.010966,68938.1
2005,Sprat,6,6808920.0,0.011517,78418.4
2005,Sprat,7,2103730.0,0.010935,23004.3
2006,Sprat,1,89438200.0,0.003604,322335.0
2006,Sprat,2,36318800.0,0.007584,275442.0
2006,Sprat,3,105172000.0,0.00803,844533.0
2006,Sprat,4,32492500.0,0.008676,281905.0
2006,Sprat,5,7146430.0,0.010663,76202.4
2006,Sprat,6,3338770.0,0.011049,36890.0
2006,Sprat,7,3632800.0,0.011196,40672.9
2007,Sprat,1,120261000.0,0.00358,430533.0
2007,Sprat,2,54161400.0,0.007129,386117.0
2007,Sprat,3,21040000.0,0.008558,180061.0
2007,Sprat,4,58255800.0,0.008897,518302.0
2007,Sprat,5,17826100.0,0.009216,164285.0
2007,Sprat,6,3993800.0,0.010649,42530.0
2007,Sprat,7,1876480.0,0.011077,20785.8
2008,Sprat,1,87438100.0,0.003552,310580.0
2008,Sprat,2,70471400.0,0.00873,615215.0
2008,Sprat,3,29804900.0,0.009548,284577.0
2008,Sprat,4,11049300.0,0.010225,112979.0
2008,Sprat,5,29915000.0,0.010129,303009.0
2008,Sprat,6,9173260.0,0.01027,94209.4
2008,Sprat,7,2082800.0,0.011591,24141.7
2009,Sprat,1,205630000.0,0.003526,725050.0
2009,Sprat,2,49866100.0,0.008934,445504.0
2009,Sprat,3,38594000.0,0.010441,402960.0
2009,Sprat,4,15432100.0,0.010862,167624.0
2009,Sprat,5,5643920.0,0.011363,64131.8
2009,Sprat,6,15213600.0,0.010573,160853.0
2009,Sprat,7,4657460.0,0.010988,51176.2
2010,Sprat,1,60613300.0,0.003505,212450.0
2010,Sprat,2,117526000.0,0.007616,895075.0
2010,Sprat,3,27445400.0,0.009575,262790.0
2010,Sprat,4,20253700.0,0.010717,217058.0
2010,Sprat,5,7975150.0,0.011169,89074.4
2010,Sprat,6,2925610.0,0.011124,32544.5
2010,Sprat,7,7841450.0,0.010531,82578.3
2011,Sprat,1,66979400.0,0.003493,233959.0
2011,Sprat,2,33580400.0,0.008439,283385.0
2011,Sprat,3,62719500.0,0.009202,577144.0
2011,Sprat,4,14212500.0,0.01063,151079.0
2011,Sprat,5,10385700.0,0.011249,116829.0
2011,Sprat,6,4101190.0,0.011698,47975.7
2011,Sprat,7,1510190.0,0.011593,17507.6
2012,Sprat,1,78426700.0,0.003495,274101.0
2012,Sprat,2,36948800.0,0.008785,324595.0
2012,Sprat,3,18379000.0,0.010552,193935.0
2012,Sprat,4,32764000.0,0.010562,346053.0
2012,Sprat,5,7383680.0,0.011498,84897.6
2012,Sprat,6,5463810.0,0.011873,64871.8
2012,Sprat,7,2154110.0,0.011809,25437.9
2013,Sprat,1,70767900.0,0.003508,248254.0
2013,Sprat,2,45004200.0,0.009354,420969.0
2013,Sprat,3,21481100.0,0.011322,243209.0
2013,Sprat,4,10418500.0,0.012499,130221.0
2013,Sprat,5,18285900.0,0.01248,228208.0
2013,Sprat,6,4157410.0,0.01305,54254.2
2013,Sprat,7,3086350.0,0.012763,39391.0
2014,Sprat,1,65479200.0,0.003525,230814.0
2014,Sprat,2,40060800.0,0.008671,347367.0
2014,Sprat,3,25614900.0,0.010315,264218.0
2014,Sprat,4,11900800.0,0.011554,137502.0
2014,Sprat,5,5699890.0,0.012385,70593.2
2014,Sprat,6,10015700.0,0.012474,124935.0
2014,Sprat,7,2280910.0,0.011926,27202.1
2015,Sprat,1,256989000.0,0.003548,911797.0
2015,Sprat,2,36583100.0,0.00928,339491.0
2015,Sprat,3,22208900.0,0.010758,238923.0
2015,Sprat,4,13647500.0,0.011616,158529.0
2015,Sprat,5,6308710.0,0.012472,78682.2
2015,Sprat,6,3040120.0,0.012918,39272.3
2015,Sprat,7,5338920.0,0.012462,66533.6
2016,Sprat,1,89837500.0,0.003576,321259.0
2016,Sprat,2,160068000.0,0.006565,1050850.0
2016,Sprat,3,22240000.0,0.009529,211924.0
2016,Sprat,4,13010900.0,0.010931,142222.0
2016,Sprat,5,7914310.0,0.011572,91584.4
2016,Sprat,6,3678900.0,0.012688,46677.9
2016,Sprat,7,1779950.0,0.012234,21776.0
2017,Sprat,1,69718600.0,0.003612,251824.0
2017,Sprat,2,58235200.0,0.007406,431290.0
2017,Sprat,3,99706000.0,0.008395,837032.0
2017,Sprat,4,13643700.0,0.010499,143245.0
2017,Sprat,5,7951580.0,0.011605,92278.1
2017,Sprat,6,4850700.0,0.011769,57087.9
2017,Sprat,7,2262500.0,0.011741,26564.0
2018,Sprat,1,83982000.0,0.003656,307038.0
2018,Sprat,2,45651700.0,0.008269,377494.0
2018,Sprat,3,36139900.0,0.009184,331909.0
2018,Sprat,4,59296500.0,0.009646,571974.0
2018,Sprat,5,8084070.0,0.01075,86903.8
2018,Sprat,6,4739130.0,0.011857,56191.9
2018,Sprat,7,2891220.0,0.011867,34310.1
2019,Sprat,1,65122600.0,0.003708,241475.0
2019,Sprat,2,55970500.0,0.007525,421178.0
2019,Sprat,3,28903300.0,0.009329,269639.0
2019,Sprat,4,21976100.0,0.010032,220465.0
2019,Sprat,5,35523200.0,0.010048,356937.0
2019,Sprat,6,4883970.0,0.011635,56825.0
2019,Sprat,7,2876730.0,0.011733,33752.7
2020,Sprat,1,123675000.0,0.003768,466006.0
2020,Sprat,2,43171100.0,0.008841,381676.0
2020,Sprat,3,34445200.0,0.009504,327367.0
2020,Sprat,4,17000900.0,0.010394,176707.0
2020,Sprat,5,12727900.0,0.010807,137550.0
2020,Sprat,6,20573400.0,0.01082,222605.0
2020,Sprat,7,2858530.0,0.012028,34382.4
2021,Sprat,1,102396000.0,0.003836,392792.0
2021,Sprat,2,83978000.0,0.007833,657800.0
2021,Sprat,3,27742700.0,0.00927,257175.0
2021,Sprat,4,21159600.0,0.009902,209522.0
2021,Sprat,5,10313600.0,0.010527,108572.0
2021,Sprat,6,7741060.0,0.011197,86676.7
2021,Sprat,7,12499700.0,0.011007,137584.0
2022,Sprat,1,21374600.0,0.00391,83574.6
2022,Sprat,2,69813400.0,0.008018,559764.0
2022,Sprat,3,54646000.0,0.009571,523016.0
2022,Sprat,4,17446300.0,0.010861,189485.0
2022,Sprat,5,13142900.0,0.011525,151472.0
2022,Sprat,6,6427790.0,0.011615,74658.8
2022,Sprat,7,4853010.0,0.011794,57236.5
2023,Sprat,1,26444100.0,0.003991,105538.0
2023,Sprat,2,13970000.0,0.009478,132407.0
2023,Sprat,3,42989700.0,0.010229,439741.0
2023,Sprat,4,32220600.0,0.010883,350656.0
2023,Sprat,5,10159700.0,0.011829,120180.0
2023,Sprat,6,7682400.0,0.012037,92473.1
2023,Sprat,7,3766420.0,0.011898,44812.8
2024,Sprat,1,12215800.0,0.004079,49828.3
2024,Sprat,2,16777200.0,0.00966,162068.0
2024,Sprat,3,8385530.0,0.010834,90848.8
2024,Sprat,4,24409400.0,0.01137,277534.0
2024,Sprat,5,17999600.0,0.011919,214537.0
2024,Sprat,6,5720550.0,0.012639,72302.0
2024,Sprat,7,4330010.0,0.012582,54480.1
2025,Sprat,1,251392000.0,0.004079,1025430.0
2025,Sprat,2,7686370.0,0.00966,74250.3
2025,Sprat,3,9958870.0,0.010834,107894.0
2025,Sprat,4,4706190.0,0.01137,53509.4
2025,Sprat,5,13434800.0,0.011919,160130.0
2025,Sprat,6,9964390.0,0.012639,125940.0
2025,Sprat,7,3178200.0,0.012582,39988.1
